age,IIIa,IIIa',IIIb,IIIb',IIIc,IIIc',IIa,IIa',IIb,IIb',IIc,IIc',Ia,Ib,Ic,MATmrs,MASTsrs,BayMBT0
0.201,1%,2%,0%,0%,0%,1%,6%,10%,6%,3%,1%,1%,37%,20%,10%,18.4,17.5,20.5
0.209,1%,3%,0%,0%,0%,1%,4%,12%,5%,3%,1%,2%,37%,20%,9%,19.4,18.6,21.2
0.217,2%,3%,0%,1%,0%,0%,6%,12%,8%,4%,2%,2%,32%,20%,10%,17.5,16.2,18.6
0.225,1%,3%,0%,1%,0%,0%,5%,12%,6%,5%,1%,2%,33%,22%,9%,18.5,17.4,20.2
0.231,1%,4%,0%,1%,0%,0%,4%,13%,5%,5%,0%,2%,29%,17%,17%,19,17.4,21.2
0.237,1%,5%,0%,1%,0%,0%,5%,14%,7%,6%,1%,3%,25%,20%,11%,17.1,14.8,19.1
0.244,1%,2%,0%,1%,0%,1%,6%,8%,6%,3%,1%,1%,39%,21%,10%,18.1,17.1,20.5
0.251,1%,2%,0%,1%,0%,2%,6%,8%,8%,3%,1%,2%,28%,27%,12%,17.1,15.4,19.7
0.257,1%,3%,0%,1%,0%,1%,4%,11%,8%,6%,1%,3%,26%,25%,8%,17.7,16,19.1
0.261,2%,5%,1%,2%,0%,1%,7%,15%,10%,4%,1%,1%,32%,14%,4%,16.1,14.1,15.6
0.265,2%,5%,1%,1%,0%,1%,10%,16%,8%,5%,1%,1%,32%,15%,2%,14.6,12.2,15.6
0.267,2%,7%,1%,1%,0%,0%,8%,16%,8%,6%,0%,1%,28%,18%,3%,14.6,11.7,16.6
0.27,2%,10%,1%,1%,0%,0%,7%,16%,9%,6%,0%,1%,26%,16%,3%,14.8,11.5,15.7
0.273,3%,14%,1%,1%,0%,0%,6%,18%,9%,6%,0%,2%,23%,13%,3%,14.8,10.7,15.1
0.275,1%,21%,0%,1%,0%,0%,3%,30%,5%,5%,0%,3%,17%,8%,4%,17,11.3,16.7
0.282,2%,20%,1%,1%,0%,0%,4%,23%,7%,5%,0%,4%,16%,10%,6%,15.4,10.1,15.7
0.296,1%,10%,0%,1%,0%,1%,6%,13%,6%,5%,1%,4%,27%,16%,10%,16.4,12.4,18.9
0.314,2%,5%,1%,1%,0%,1%,7%,13%,10%,4%,1%,1%,28%,20%,6%,15.7,13.7,16.8
0.329,1%,2%,0%,0%,0%,4%,4%,8%,4%,2%,1%,2%,35%,28%,11%,19.4,18.9,22.7
0.337,1%,4%,0%,1%,0%,2%,6%,11%,5%,4%,1%,2%,34%,22%,9%,18.1,16.5,20.6
0.341,1%,2%,0%,1%,0%,1%,4%,8%,4%,4%,1%,3%,34%,25%,11%,19.4,18.7,22.3
0.343,2%,7%,0%,0%,0%,0%,3%,22%,4%,5%,1%,4%,33%,13%,6%,19.6,17.7,20.9
0.345,4%,11%,0%,0%,0%,0%,5%,43%,1%,3%,0%,0%,27%,5%,1%,16.1,14.8,17.8
0.348,4%,10%,0%,0%,0%,0%,5%,22%,6%,5%,2%,3%,25%,12%,5%,15.5,13.4,16
0.35,2%,9%,1%,1%,0%,0%,5%,32%,3%,4%,0%,2%,29%,10%,2%,17.8,15.4,18.8
0.353,2%,8%,1%,2%,0%,2%,6%,19%,5%,6%,0%,4%,29%,11%,6%,16.1,13.5,17.6
0.362,2%,7%,0%,1%,0%,1%,8%,17%,5%,5%,0%,3%,31%,14%,5%,15,12.6,16.9
0.371,2%,8%,1%,1%,0%,2%,7%,21%,4%,6%,0%,3%,26%,12%,5%,15.1,12.6,17.6
0.38,2%,5%,1%,1%,0%,1%,6%,14%,6%,6%,0%,5%,27%,16%,11%,16.3,14.1,18.9
0.389,2%,5%,1%,1%,0%,2%,6%,14%,6%,6%,0%,5%,27%,15%,10%,16.1,13.8,18.9
0.398,1%,4%,1%,1%,0%,1%,6%,12%,5%,6%,1%,6%,26%,16%,15%,16.5,14.6,19.7
0.407,1%,4%,0%,1%,0%,1%,4%,12%,4%,7%,1%,6%,29%,16%,15%,18.1,16.6,21.4
0.416,1%,3%,0%,1%,0%,1%,5%,10%,4%,6%,1%,6%,28%,16%,18%,17.7,16.4,21.2
0.422,1%,2%,0%,1%,0%,1%,5%,10%,4%,6%,1%,6%,27%,17%,18%,17.2,15.8,20.7
0.427,2%,3%,2%,1%,1%,1%,6%,13%,5%,3%,3%,4%,33%,12%,11%,17.1,15.9,17.1
0.431,2%,4%,1%,1%,1%,1%,5%,17%,3%,4%,1%,4%,34%,13%,10%,18.5,17.2,19.9
0.436,3%,4%,2%,1%,2%,1%,6%,13%,5%,3%,3%,3%,37%,12%,9%,18,17.1,17.6
0.44,1%,8%,0%,0%,0%,0%,5%,23%,2%,6%,0%,5%,29%,12%,8%,17.4,14.7,21.3
0.443,1%,7%,0%,0%,0%,0%,4%,20%,2%,6%,0%,5%,27%,16%,10%,18.2,15.8,22.1
0.446,2%,5%,0%,0%,0%,0%,7%,15%,4%,7%,1%,3%,32%,17%,8%,16.4,14.3,19.8
0.449,2%,6%,0%,0%,0%,0%,9%,18%,4%,5%,1%,2%,31%,16%,7%,15,12.7,18.5
0.452,2%,6%,1%,1%,0%,0%,8%,16%,6%,6%,0%,3%,29%,14%,8%,15.1,12.8,18.2
0.455,4%,7%,1%,2%,0%,0%,9%,21%,4%,7%,0%,2%,28%,12%,4%,13.7,12,16.1
0.458,2%,8%,1%,2%,0%,0%,7%,20%,4%,9%,0%,3%,25%,15%,4%,15.1,12.6,17.8
0.462,2%,5%,1%,1%,0%,1%,7%,15%,5%,8%,0%,4%,31%,13%,6%,16.3,14.1,18
0.465,2%,5%,1%,1%,0%,1%,6%,18%,6%,7%,0%,3%,28%,16%,6%,16.2,14.3,17.8
0.468,3%,7%,1%,1%,0%,0%,6%,16%,5%,7%,0%,4%,28%,14%,9%,16.1,13.8,18.2
0.471,2%,5%,0%,0%,0%,0%,4%,15%,4%,9%,0%,6%,29%,16%,9%,18.3,16.5,20.8
0.48,2%,3%,0%,0%,0%,0%,7%,10%,5%,4%,1%,3%,34%,15%,15%,16.4,14.8,19.2
0.489,1%,2%,0%,1%,0%,1%,6%,11%,6%,4%,2%,4%,31%,14%,15%,17.5,16.4,19
0.5,1%,2%,0%,0%,0%,0%,4%,11%,4%,4%,1%,5%,34%,17%,16%,19,18.4,21.8
0.511,1%,2%,0%,0%,0%,0%,6%,12%,6%,3%,4%,2%,35%,17%,11%,18,17.1,18.7
0.523,1%,2%,0%,0%,0%,0%,3%,8%,5%,3%,3%,3%,27%,30%,15%,19.7,19,21.6
0.535,1%,2%,0%,1%,0%,0%,3%,7%,5%,4%,1%,3%,18%,35%,18%,17,15.3,21.4
0.547,2%,3%,0%,0%,0%,0%,6%,12%,5%,5%,1%,2%,24%,26%,12%,15.5,13.6,19.7
0.563,1%,2%,0%,1%,0%,0%,5%,9%,4%,5%,1%,4%,25%,29%,16%,17.2,15.9,21.9
0.578,1%,10%,0%,0%,0%,0%,4%,29%,3%,5%,0%,1%,24%,18%,5%,17.8,14.7,21.3
0.586,2%,5%,0%,0%,0%,0%,6%,16%,6%,4%,1%,3%,28%,19%,11%,16.5,14.6,19.6
0.595,1%,6%,0%,0%,0%,0%,6%,19%,4%,6%,1%,3%,28%,17%,9%,16.2,13.9,19.6
0.603,1%,6%,0%,0%,0%,0%,5%,25%,4%,7%,1%,3%,26%,16%,8%,16.7,14.8,20
0.612,1%,7%,0%,0%,0%,0%,5%,23%,2%,8%,0%,3%,27%,19%,7%,17.6,15.3,21.5
0.62,1%,5%,0%,2%,0%,0%,3%,15%,6%,12%,2%,1%,23%,24%,5%,19,16.8,20.4
0.629,1%,4%,0%,2%,0%,2%,4%,12%,3%,10%,1%,5%,27%,20%,9%,18.6,16.9,21.3
0.633,2%,5%,0%,0%,0%,0%,6%,15%,5%,6%,1%,5%,31%,15%,9%,17.1,15.4,19.4
0.637,3%,5%,1%,2%,0%,0%,8%,14%,4%,7%,1%,4%,30%,15%,6%,15.1,13.1,17.8
0.641,2%,5%,0%,0%,0%,0%,8%,16%,5%,5%,1%,3%,35%,14%,7%,15.9,13.8,18.4
0.645,4%,7%,0%,0%,0%,0%,10%,16%,6%,7%,0%,0%,32%,14%,5%,14.3,12,16.7
0.649,2%,8%,0%,0%,0%,0%,8%,18%,4%,5%,0%,3%,32%,12%,6%,15.5,12.8,18.7
0.653,2%,5%,0%,0%,0%,0%,8%,18%,4%,4%,2%,2%,36%,13%,5%,16,14.3,17.8
0.657,3%,7%,0%,0%,0%,0%,9%,17%,6%,7%,1%,4%,31%,10%,6%,14.5,12.2,16.2
0.661,3%,10%,0%,0%,0%,0%,8%,18%,7%,7%,2%,3%,26%,13%,3%,13.8,10.9,14.8
0.665,3%,6%,0%,0%,0%,0%,7%,18%,4%,8%,2%,4%,26%,13%,8%,14.5,12.4,17.2
0.669,2%,7%,1%,2%,0%,0%,7%,19%,6%,7%,1%,2%,28%,14%,4%,15.4,13.3,16.8
0.674,3%,6%,1%,1%,0%,0%,8%,18%,6%,6%,0%,3%,31%,13%,5%,15.5,13.6,17.2
0.682,3%,8%,0%,0%,0%,0%,10%,18%,7%,8%,0%,0%,28%,14%,4%,13.5,10.9,15.4
0.69,3%,5%,0%,0%,0%,0%,11%,17%,5%,6%,1%,2%,31%,13%,6%,13.2,10.9,15.9
0.697,2%,4%,0%,0%,0%,0%,9%,14%,5%,5%,1%,3%,35%,16%,8%,15.7,13.9,19
0.705,2%,4%,0%,0%,0%,0%,8%,16%,4%,4%,1%,3%,39%,12%,8%,17.1,15.6,19.4
0.712,2%,5%,0%,0%,0%,0%,6%,16%,3%,6%,2%,4%,34%,13%,9%,17,15.4,19.9
0.72,2%,6%,1%,2%,0%,0%,7%,17%,4%,6%,1%,4%,33%,12%,5%,16.5,14.6,18.4
0.729,3%,6%,0%,0%,0%,0%,8%,20%,6%,7%,2%,2%,29%,14%,3%,14.6,12.8,16.1
0.737,3%,6%,0%,0%,0%,0%,7%,18%,5%,8%,1%,4%,26%,14%,8%,14.6,12.9,17.3
0.745,2%,5%,0%,0%,0%,0%,6%,20%,7%,5%,1%,2%,31%,14%,7%,16.8,15.3,17.8
0.754,4%,8%,0%,0%,0%,0%,6%,20%,4%,9%,0%,2%,29%,15%,3%,15.9,14.1,17.8
0.758,3%,7%,1%,2%,0%,0%,8%,19%,6%,6%,1%,2%,29%,14%,4%,15.2,13.1,16.5
0.763,2%,7%,1%,1%,0%,0%,6%,21%,5%,7%,0%,2%,28%,14%,5%,16.6,14.6,18
0.766,3%,8%,1%,1%,0%,1%,6%,19%,6%,7%,1%,2%,27%,13%,4%,15.6,13.1,17
0.769,3%,8%,1%,1%,0%,0%,9%,19%,6%,5%,1%,2%,30%,12%,4%,14.1,11.8,15.7
0.773,2%,5%,7%,13%,0%,0%,7%,13%,5%,4%,1%,2%,26%,11%,5%,15.1,13,13.9
0.776,2%,4%,0%,1%,0%,0%,9%,14%,8%,4%,3%,1%,33%,13%,8%,15.4,13.6,15.9
0.782,1%,29%,1%,1%,0%,0%,4%,18%,4%,3%,2%,1%,21%,9%,5%,16.8,8.5,17
0.787,3%,9%,1%,2%,0%,0%,7%,17%,5%,5%,1%,2%,30%,11%,6%,15.6,12.7,16.5
0.793,5%,10%,0%,0%,0%,0%,9%,21%,6%,6%,1%,2%,30%,9%,2%,14.3,12.1,14.9
0.801,5%,10%,1%,2%,1%,1%,7%,22%,7%,5%,1%,2%,25%,10%,3%,13.9,11.9,13.1
0.81,3%,6%,1%,1%,1%,2%,6%,20%,6%,7%,1%,2%,27%,13%,4%,16,14.2,16.6
0.819,2%,6%,0%,1%,0%,0%,8%,21%,5%,5%,1%,1%,33%,12%,4%,15.6,13.8,17.6
0.828,3%,7%,0%,0%,0%,0%,10%,23%,6%,5%,1%,1%,29%,11%,4%,13.7,11.6,15.3
0.837,3%,5%,0%,0%,0%,0%,9%,16%,7%,4%,2%,1%,34%,12%,7%,15.5,13.6,16.6
0.847,1%,12%,1%,0%,0%,0%,5%,35%,7%,2%,4%,1%,18%,7%,8%,15.2,12.7,15
0.856,2%,9%,0%,0%,0%,0%,6%,30%,5%,2%,3%,1%,27%,8%,6%,16.4,14.2,16.8
0.869,2%,6%,1%,2%,0%,0%,6%,20%,5%,4%,2%,2%,30%,11%,8%,17,15,17.4
0.87,3%,7%,1%,2%,0%,0%,6%,18%,4%,5%,2%,4%,30%,12%,6%,16.2,14.2,17.2
0.872,4%,7%,1%,1%,0%,1%,7%,27%,3%,3%,1%,2%,31%,8%,3%,16,14.6,16.5
0.873,3%,10%,2%,0%,0%,0%,5%,34%,3%,3%,1%,1%,28%,7%,2%,16.6,14.6,16.9
0.874,4%,11%,0%,0%,0%,0%,6%,31%,5%,4%,0%,0%,27%,9%,3%,15.2,13.4,16.5
0.878,3%,13%,0%,0%,0%,0%,6%,32%,3%,5%,0%,0%,26%,10%,2%,15.9,13.4,18.3
0.881,4%,9%,0%,0%,0%,0%,5%,20%,3%,7%,2%,2%,22%,22%,4%,15.2,13.1,18.7
0.884,3%,9%,0%,0%,0%,0%,5%,23%,3%,9%,0%,0%,28%,17%,3%,16.5,14.2,19.6
0.887,1%,8%,0%,0%,0%,0%,6%,28%,2%,4%,1%,1%,37%,11%,2%,18.3,16,21.1
0.891,4%,9%,0%,0%,0%,0%,6%,37%,1%,3%,0%,0%,31%,8%,1%,16.3,14.7,18.8
0.894,2%,11%,0%,0%,0%,0%,6%,35%,3%,4%,0%,0%,27%,10%,2%,16.4,13.9,18.7
0.898,3%,8%,0%,2%,0%,0%,5%,26%,2%,5%,0%,1%,30%,15%,1%,17.2,15.2,19.5
0.902,1%,5%,0%,2%,0%,0%,3%,16%,3%,10%,0%,1%,27%,30%,2%,19.6,17.7,22.3
0.906,4%,8%,1%,2%,0%,0%,5%,28%,2%,6%,0%,1%,25%,18%,1%,16.4,14.8,18.9
0.909,4%,9%,0%,0%,0%,0%,5%,31%,3%,5%,0%,0%,25%,16%,2%,16.1,14.6,18.5
0.913,5%,13%,0%,0%,0%,0%,4%,44%,1%,3%,0%,1%,23%,5%,1%,15.8,14.5,16.5
0.916,3%,9%,0%,0%,0%,0%,4%,28%,3%,6%,1%,2%,31%,9%,4%,18.1,15.7,19.6
0.92,4%,12%,0%,0%,0%,0%,3%,43%,2%,3%,0%,1%,23%,4%,4%,17.5,15.3,18.4
0.923,3%,11%,0%,0%,0%,0%,5%,30%,4%,5%,2%,3%,28%,6%,3%,17.3,14.7,17
0.927,3%,11%,0%,0%,0%,0%,6%,31%,3%,5%,1%,2%,28%,7%,3%,15.7,13.6,17.2
0.93,3%,8%,0%,1%,0%,0%,6%,25%,5%,8%,0%,3%,24%,11%,5%,15.6,13.6,17
0.935,2%,6%,0%,1%,0%,0%,6%,23%,6%,6%,0%,3%,27%,14%,5%,16.1,14.4,17.7
0.941,2%,6%,0%,0%,0%,0%,6%,22%,5%,6%,1%,2%,32%,14%,4%,17,15.2,18.8
0.95,2%,5%,0%,0%,0%,0%,7%,22%,5%,3%,1%,1%,34%,13%,6%,17.1,15.4,18.8
0.956,2%,6%,0%,0%,0%,0%,7%,24%,7%,4%,2%,2%,30%,12%,6%,16.1,14.3,16.9
0.961,2%,6%,0%,0%,0%,0%,4%,24%,5%,5%,1%,3%,29%,15%,6%,17.8,16.3,19.2
0.966,2%,8%,1%,1%,0%,0%,6%,22%,4%,5%,0%,3%,28%,14%,5%,16.4,14,18.8
0.975,2%,5%,1%,1%,0%,0%,6%,16%,6%,7%,1%,4%,26%,17%,7%,15.8,13.9,17.7
0.983,2%,4%,0%,0%,0%,0%,7%,17%,8%,6%,1%,2%,28%,18%,7%,15.8,14.3,17.2
0.992,2%,7%,0%,0%,0%,0%,6%,18%,7%,8%,1%,2%,27%,18%,3%,16,13.6,17.3
1,3%,8%,0%,0%,0%,0%,6%,20%,7%,8%,0%,3%,24%,16%,4%,15.2,13.1,17
1.009,2%,7%,0%,0%,0%,0%,6%,17%,7%,6%,1%,3%,27%,16%,8%,16,13.7,17.6
1.017,2%,6%,0%,0%,0%,0%,6%,17%,8%,4%,2%,2%,27%,16%,9%,15.8,13.8,17.3
1.026,2%,4%,0%,0%,0%,0%,5%,14%,8%,4%,2%,2%,27%,19%,13%,16.7,15.1,18.1
1.038,2%,4%,0%,0%,0%,0%,5%,14%,11%,8%,2%,3%,24%,17%,10%,16.2,14.3,16.8
1.044,2%,5%,0%,0%,0%,0%,7%,17%,11%,7%,1%,3%,23%,19%,6%,14.5,12.7,15.5
1.049,4%,7%,0%,0%,0%,0%,8%,16%,12%,6%,0%,0%,23%,18%,6%,12.9,10.6,14.4
1.056,3%,8%,0%,0%,0%,0%,9%,16%,8%,10%,0%,0%,26%,15%,5%,13.2,10.6,15.7
1.064,3%,7%,0%,0%,0%,0%,8%,20%,8%,7%,0%,0%,29%,14%,5%,14.9,12.9,16.3
1.073,2%,4%,0%,0%,0%,0%,6%,16%,7%,5%,1%,2%,32%,16%,8%,16.8,15.3,18.6
1.083,3%,3%,0%,0%,0%,0%,8%,12%,6%,6%,1%,2%,31%,20%,7%,15.4,13.9,18.1
1.091,4%,7%,0%,0%,0%,0%,7%,18%,7%,7%,1%,4%,25%,14%,7%,14.6,12.9,16.1
1.099,4%,8%,0%,0%,0%,0%,7%,18%,8%,7%,0%,0%,27%,14%,7%,15,12.8,16.5
1.105,3%,5%,0%,0%,0%,0%,8%,14%,8%,5%,0%,0%,34%,14%,8%,15.7,13.6,17.2
1.112,3%,5%,0%,0%,0%,0%,6%,16%,6%,7%,0%,0%,33%,18%,7%,16.9,15.4,19
1.118,4%,9%,0%,0%,0%,0%,5%,18%,6%,8%,0%,0%,29%,15%,4%,16.5,14.4,17.7
1.123,2%,7%,2%,2%,0%,0%,5%,19%,4%,6%,1%,4%,27%,14%,8%,16.7,14.4,18.8
1.127,2%,8%,1%,1%,0%,0%,5%,21%,6%,6%,1%,3%,25%,14%,6%,16.4,14.1,17.5
1.132,4%,7%,0%,0%,0%,0%,5%,19%,4%,7%,1%,4%,28%,14%,7%,17.1,15.4,19.1
1.138,3%,9%,0%,0%,0%,0%,5%,21%,5%,8%,1%,5%,22%,14%,7%,15.1,12.9,17.8
1.146,2%,4%,0%,0%,0%,0%,5%,11%,6%,6%,1%,5%,26%,23%,11%,16.8,15.2,20
1.154,3%,4%,0%,0%,0%,0%,7%,13%,9%,6%,1%,3%,27%,18%,8%,15.2,13.5,17
1.167,2%,4%,0%,0%,0%,0%,9%,12%,7%,5%,3%,2%,27%,17%,13%,14,11.7,17.4
1.178,2%,3%,0%,0%,0%,0%,7%,15%,7%,4%,3%,2%,31%,16%,10%,16,14.5,17.8
1.187,2%,3%,0%,0%,0%,0%,6%,16%,6%,4%,2%,2%,33%,18%,9%,17.4,16.4,19.5
1.194,3%,6%,0%,0%,0%,0%,6%,11%,5%,5%,2%,4%,29%,18%,9%,16.3,14.2,19
1.198,2%,7%,0%,0%,0%,0%,7%,18%,5%,8%,0%,0%,29%,15%,8%,15.7,13.4,18.6
1.204,6%,9%,0%,0%,0%,0%,5%,22%,6%,7%,0%,0%,26%,15%,4%,15.9,14.5,16.9
1.211,3%,10%,0%,0%,0%,0%,7%,19%,7%,9%,0%,0%,27%,11%,6%,15,12.2,16.7
1.219,3%,9%,0%,0%,0%,0%,7%,22%,7%,4%,0%,0%,29%,12%,6%,15.7,13.2,16.7
1.225,2%,5%,0%,0%,0%,0%,6%,17%,6%,5%,1%,1%,33%,17%,8%,17.6,15.8,19.6
1.229,2%,5%,0%,0%,0%,0%,5%,14%,5%,5%,1%,3%,32%,17%,12%,18,16.5,20.4
1.237,3%,10%,0%,0%,0%,0%,8%,23%,0%,0%,0%,0%,33%,17%,6%,15.6,13,20.6
1.244,2%,12%,0%,0%,0%,0%,4%,34%,1%,4%,0%,2%,32%,6%,2%,18.4,15.1,20.5
1.247,3%,15%,0%,0%,0%,0%,5%,23%,2%,8%,3%,4%,25%,8%,4%,16.4,12.5,16.9
1.248,4%,13%,0%,0%,0%,0%,3%,24%,2%,6%,0%,6%,31%,7%,5%,18.8,15.6,20.6
1.25,3%,9%,0%,0%,0%,0%,5%,27%,4%,6%,0%,0%,35%,7%,4%,18.2,16,19.6
1.251,2%,11%,0%,0%,0%,0%,4%,29%,3%,5%,0%,3%,33%,6%,3%,18.5,15.6,20.3
1.252,4%,10%,0%,0%,0%,0%,5%,27%,4%,6%,0%,0%,36%,5%,4%,18,15.9,19
1.255,3%,12%,0%,0%,0%,0%,7%,24%,3%,6%,0%,4%,31%,6%,5%,16,13.1,18
1.256,5%,13%,0%,0%,0%,0%,5%,23%,4%,8%,0%,3%,27%,9%,4%,16.2,13.6,16.8
1.257,4%,11%,0%,0%,0%,0%,5%,28%,5%,7%,0%,3%,28%,7%,3%,16.5,14.2,17
1.259,5%,8%,0%,0%,0%,0%,9%,19%,5%,7%,0%,2%,29%,12%,5%,13.4,11.6,15.3
1.26,4%,9%,0%,0%,0%,0%,8%,16%,5%,6%,1%,4%,26%,13%,8%,13.5,10.8,16.6
1.262,3%,10%,0%,0%,0%,0%,7%,17%,6%,9%,2%,4%,23%,13%,6%,14.5,11.4,16.4
1.265,4%,8%,0%,0%,0%,0%,8%,14%,5%,9%,1%,4%,25%,15%,7%,13.5,10.6,16.4
1.27,3%,7%,0%,0%,0%,0%,7%,21%,9%,8%,0%,0%,27%,12%,6%,15.4,13.5,16.1
1.275,4%,8%,0%,0%,0%,0%,7%,19%,8%,8%,0%,0%,26%,15%,4%,14.7,12.7,15.6
1.283,5%,7%,0%,0%,0%,0%,7%,18%,7%,6%,0%,0%,29%,16%,4%,14.9,13.4,16.1
1.289,4%,8%,0%,0%,0%,0%,5%,19%,6%,6%,0%,2%,31%,12%,6%,17,15.2,18.1
1.293,3%,9%,0%,0%,0%,0%,4%,20%,4%,8%,0%,0%,31%,14%,6%,17.9,15.6,19.6
1.295,3%,10%,0%,0%,0%,0%,6%,20%,6%,7%,1%,3%,27%,10%,5%,16,13.3,16.4
1.3,5%,12%,0%,0%,0%,0%,7%,19%,7%,7%,0%,0%,30%,10%,3%,15.2,12.6,15.4
1.305,5%,8%,0%,0%,0%,0%,8%,20%,9%,4%,0%,0%,29%,12%,4%,14,12.3,14.3
1.309,4%,9%,0%,0%,0%,0%,6%,21%,6%,7%,0%,0%,29%,13%,6%,15.6,13.8,17.3
1.315,4%,7%,0%,0%,0%,0%,7%,19%,7%,8%,0%,0%,29%,13%,5%,15.1,13.4,16.6
1.321,3%,10%,0%,0%,0%,0%,8%,15%,9%,6%,0%,0%,27%,13%,10%,14.7,11.6,16.6
1.331,4%,8%,0%,0%,0%,0%,7%,19%,6%,7%,0%,0%,28%,13%,8%,15.2,13.2,17.7
1.342,3%,14%,0%,0%,0%,0%,7%,22%,4%,8%,0%,0%,23%,14%,4%,14.1,10.6,17.3
1.344,5%,9%,0%,0%,0%,0%,7%,18%,9%,7%,0%,0%,25%,14%,7%,13.8,11.7,14.6
1.346,4%,9%,0%,0%,0%,0%,10%,20%,7%,8%,0%,0%,25%,13%,5%,12.4,10,15
1.349,4%,6%,0%,0%,0%,0%,9%,18%,10%,6%,0%,0%,27%,16%,4%,13.4,11.5,14.4
1.352,3%,3%,0%,0%,0%,0%,9%,13%,9%,3%,2%,1%,29%,16%,10%,14.1,12.2,15.9
1.357,4%,6%,0%,0%,0%,0%,16%,14%,6%,4%,0%,0%,33%,15%,3%,11.2,7.8,14.3
1.364,3%,9%,0%,0%,0%,0%,7%,23%,7%,9%,0%,0%,25%,14%,2%,14.7,12.5,15.9
1.378,5%,9%,0%,0%,0%,0%,7%,20%,8%,9%,0%,0%,26%,13%,2%,14.6,12.7,15.2
1.389,3%,8%,0%,0%,0%,0%,7%,26%,6%,5%,0%,0%,30%,12%,3%,15.8,14,17
1.396,4%,7%,0%,0%,0%,0%,9%,20%,7%,6%,0%,0%,32%,13%,4%,14.5,12.6,16.1
1.402,6%,8%,0%,0%,0%,0%,10%,18%,8%,5%,0%,0%,29%,13%,3%,12.6,10.6,14
1.414,3%,14%,1%,3%,0%,2%,4%,22%,5%,7%,0%,3%,22%,9%,3%,16.1,12.5,16.7
1.419,4%,9%,0%,0%,0%,0%,11%,23%,6%,6%,0%,0%,28%,8%,4%,12.3,10.1,14.2
1.421,5%,7%,0%,0%,0%,0%,10%,26%,6%,7%,0%,0%,28%,9%,3%,12.9,11.6,14.6
1.429,4%,8%,0%,0%,0%,0%,9%,23%,7%,6%,0%,0%,27%,13%,3%,13.5,11.7,15.2
1.439,2%,3%,0%,0%,0%,0%,6%,16%,7%,5%,1%,1%,32%,20%,7%,16.8,15.5,18.8
1.449,3%,5%,0%,0%,0%,0%,7%,13%,7%,6%,1%,3%,30%,19%,5%,15.6,13.7,17.3
1.453,4%,11%,0%,0%,0%,0%,5%,24%,6%,5%,0%,0%,30%,11%,4%,16.8,14.6,17.3
1.459,3%,10%,0%,0%,0%,0%,6%,22%,4%,7%,2%,4%,30%,11%,2%,16.9,14.2,17.5
1.468,4%,11%,0%,0%,0%,0%,5%,23%,5%,7%,1%,3%,29%,8%,4%,16.4,13.9,16.4
1.476,5%,9%,0%,0%,0%,0%,9%,19%,6%,10%,0%,0%,30%,12%,0%,13.8,11.8,14.8
1.486,7%,9%,0%,0%,0%,0%,8%,18%,6%,7%,0%,0%,32%,10%,4%,14.5,12.8,15.6
1.495,4%,9%,0%,0%,0%,0%,7%,19%,5%,7%,0%,0%,31%,14%,4%,15.8,13.8,17.9
1.5,3%,11%,0%,0%,0%,0%,5%,26%,3%,6%,0%,0%,32%,13%,2%,17.8,15.1,19.8
1.503,4%,11%,0%,0%,0%,0%,4%,26%,4%,13%,0%,0%,25%,10%,4%,17.1,14.8,18.3
1.508,4%,9%,0%,0%,0%,0%,5%,24%,7%,5%,0%,0%,31%,12%,3%,17.3,15.7,17.2
1.513,6%,13%,0%,0%,0%,0%,8%,19%,5%,6%,0%,0%,33%,10%,0%,15,12.4,15.4
1.551,4%,8%,0%,0%,0%,0%,13%,21%,7%,6%,0%,0%,27%,11%,3%,11,8.6,13
1.556,4%,9%,0%,0%,0%,0%,9%,21%,6%,8%,0%,0%,29%,15%,0%,14.2,12,15.7
1.561,2%,5%,0%,0%,0%,0%,9%,13%,3%,13%,0%,1%,27%,24%,2%,13.6,10.9,18.5
1.567,1%,8%,0%,0%,0%,0%,2%,22%,2%,11%,0%,0%,29%,22%,2%,21.2,17.9,23.9
1.573,4%,6%,0%,0%,0%,0%,5%,19%,5%,7%,0%,0%,32%,22%,2%,17.8,16.4,19.8
1.579,5%,10%,0%,0%,0%,0%,4%,23%,4%,10%,0%,0%,28%,14%,2%,16.7,14.9,18.2
1.585,4%,8%,0%,0%,0%,0%,13%,15%,7%,9%,0%,0%,28%,13%,3%,11.2,8,13.7
1.591,4%,9%,0%,0%,0%,0%,9%,19%,6%,8%,0%,0%,29%,13%,3%,14,11.6,15.8
1.597,5%,6%,0%,0%,0%,0%,8%,23%,7%,4%,0%,0%,32%,12%,3%,14.8,13.8,15.8
1.603,3%,6%,0%,0%,0%,0%,6%,21%,5%,8%,0%,0%,34%,16%,2%,17.5,16,19.6
1.609,2%,8%,0%,0%,0%,0%,4%,30%,3%,3%,0%,0%,37%,12%,1%,19.4,17.4,21.2
1.615,3%,6%,0%,0%,0%,0%,9%,18%,2%,9%,0%,0%,36%,15%,3%,15.8,14,19.3
1.621,4%,8%,0%,0%,0%,0%,10%,16%,7%,6%,0%,0%,32%,14%,3%,14.3,11.6,16.1
1.627,1%,9%,0%,0%,0%,0%,5%,37%,1%,1%,0%,0%,40%,4%,0%,18.7,16.5,21.2
1.633,2%,9%,0%,0%,0%,0%,6%,34%,3%,4%,0%,0%,38%,6%,0%,18,16,19.3
1.639,4%,9%,0%,0%,0%,0%,5%,23%,4%,6%,0%,0%,35%,14%,2%,17.9,16,19.5
1.645,3%,9%,0%,0%,0%,0%,7%,25%,2%,6%,1%,2%,38%,7%,2%,17.3,15.1,19.1
1.651,4%,10%,0%,0%,0%,0%,4%,21%,3%,9%,0%,0%,36%,12%,0%,18.8,16.7,19.8
1.656,4%,15%,0%,0%,0%,0%,3%,23%,4%,6%,0%,0%,31%,10%,5%,19,15.3,19.7
1.661,4%,13%,0%,0%,0%,0%,4%,20%,3%,16%,0%,0%,31%,11%,0%,18.4,15.2,19.5
1.667,3%,8%,0%,0%,0%,0%,6%,25%,6%,4%,1%,3%,32%,8%,3%,16.6,14.8,16.3
1.672,4%,10%,0%,0%,0%,0%,7%,20%,4%,8%,2%,4%,23%,12%,7%,13.6,11.4,15.7
1.681,4%,5%,0%,0%,0%,0%,18%,11%,4%,4%,1%,2%,36%,13%,2%,10.8,6.8,14
1.689,3%,12%,0%,0%,0%,0%,8%,20%,4%,6%,0%,0%,32%,10%,3%,15.6,12.4,17.7
1.693,3%,14%,0%,0%,0%,0%,9%,23%,3%,9%,0%,0%,28%,10%,0%,13.8,10.6,16.1
1.697,7%,10%,0%,0%,0%,0%,9%,17%,5%,8%,0%,0%,26%,12%,5%,12.9,10.7,14.8
1.701,4%,8%,0%,0%,0%,0%,6%,14%,4%,4%,1%,1%,37%,18%,3%,17.3,15.7,19.4
1.706,5%,9%,0%,0%,0%,0%,9%,14%,5%,4%,0%,0%,37%,15%,3%,15.4,13,17.4
1.71,4%,14%,0%,0%,0%,0%,6%,19%,5%,6%,0%,0%,33%,9%,4%,16.5,13.3,17.6
1.715,7%,13%,0%,0%,0%,0%,6%,15%,5%,7%,0%,0%,35%,13%,0%,16.1,13.7,16.6
1.72,1%,8%,0%,0%,0%,0%,7%,35%,1%,2%,0%,0%,39%,7%,0%,17.7,15.7,21.2
1.725,10%,10%,0%,0%,0%,0%,14%,19%,7%,6%,0%,0%,26%,9%,0%,9.8,8,10.1
1.731,3%,8%,0%,0%,0%,0%,9%,18%,5%,4%,0%,0%,37%,14%,2%,15.6,13.2,17.5
1.736,3%,11%,0%,0%,0%,0%,4%,22%,3%,10%,0%,0%,30%,12%,4%,18.1,15.2,19.8
1.741,3%,13%,0%,0%,0%,0%,8%,19%,4%,7%,0%,0%,32%,10%,4%,15.7,12.1,18.4
1.746,4%,14%,0%,0%,0%,0%,10%,19%,7%,6%,0%,0%,30%,10%,0%,13.2,9.8,13.9
1.752,4%,12%,0%,0%,0%,0%,6%,19%,4%,10%,0%,0%,29%,12%,5%,15.8,12.8,18.2
1.757,5%,13%,0%,0%,0%,0%,7%,25%,5%,6%,0%,0%,30%,9%,0%,15.1,12.8,15.4
1.763,6%,8%,0%,0%,0%,0%,12%,21%,7%,9%,0%,0%,25%,13%,0%,10.5,8.6,12.3
1.768,6%,12%,0%,0%,0%,0%,17%,17%,0%,0%,0%,0%,31%,13%,4%,10,6.2,14.7
1.776,3%,12%,0%,0%,0%,0%,7%,18%,7%,4%,0%,0%,29%,16%,3%,15.5,12.1,17
1.783,2%,8%,0%,0%,0%,0%,4%,17%,4%,7%,0%,0%,41%,15%,3%,19.5,17.5,21.2
1.79,2%,9%,0%,0%,0%,0%,4%,25%,1%,3%,1%,2%,45%,6%,2%,20.2,18,22.1
1.799,4%,12%,0%,0%,0%,0%,6%,19%,4%,11%,0%,0%,26%,14%,5%,15.6,12.5,18.1
1.816,4%,17%,0%,0%,0%,0%,7%,19%,4%,8%,0%,0%,26%,12%,4%,14.7,10.7,17.1
1.828,6%,10%,0%,0%,0%,0%,9%,17%,3%,5%,0%,0%,30%,15%,5%,13.7,11.4,17
1.834,4%,10%,0%,0%,0%,0%,12%,18%,7%,6%,0%,0%,26%,13%,4%,11.5,8.5,13.9
1.842,1%,4%,0%,0%,0%,0%,8%,15%,8%,4%,1%,2%,32%,13%,12%,15.5,13.4,18
1.856,3%,11%,0%,0%,0%,0%,5%,24%,7%,7%,0%,0%,26%,14%,3%,16.3,13.6,17.1
1.864,4%,12%,0%,0%,0%,0%,12%,22%,6%,10%,0%,0%,23%,12%,0%,10.4,7.8,13.1
1.87,4%,14%,0%,0%,0%,0%,9%,21%,6%,9%,0%,0%,26%,11%,0%,12.9,9.8,13.9
1.878,3%,11%,0%,0%,0%,0%,7%,24%,3%,11%,0%,0%,26%,13%,4%,15.2,12.5,18.6
1.885,7%,11%,0%,0%,0%,0%,8%,20%,6%,7%,0%,0%,28%,14%,0%,13.8,11.9,15
1.893,3%,15%,0%,0%,0%,0%,9%,21%,4%,5%,0%,0%,30%,11%,2%,14,10.3,16.7
1.901,5%,13%,0%,0%,0%,0%,6%,23%,6%,5%,0%,0%,28%,13%,0%,15.2,12.9,15.8
1.914,3%,11%,0%,0%,0%,0%,4%,23%,3%,12%,0%,0%,25%,16%,2%,17.3,14.1,20.3
1.926,3%,11%,0%,0%,0%,0%,8%,22%,8%,7%,0%,0%,27%,11%,3%,14.2,11.5,15.3
1.931,4%,8%,0%,0%,0%,0%,6%,21%,5%,8%,0%,0%,28%,16%,3%,15.8,13.9,17.9
1.937,3%,8%,0%,0%,0%,0%,10%,15%,11%,7%,1%,2%,19%,19%,5%,10.6,7.3,13.5
1.946,7%,11%,0%,0%,0%,0%,6%,35%,0%,0%,0%,0%,41%,0%,0%,17.2,16,17.9
1.954,6%,15%,0%,0%,0%,0%,6%,37%,0%,0%,0%,0%,36%,0%,0%,17,14.7,18
1.963,5%,13%,0%,0%,0%,0%,10%,27%,0%,0%,0%,0%,44%,0%,0%,15.5,13.1,17.1
1.971,3%,6%,0%,0%,0%,0%,10%,26%,0%,0%,0%,0%,54%,0%,0%,17.3,16,19.6
1.98,5%,9%,0%,0%,0%,0%,10%,28%,0%,0%,0%,0%,47%,0%,0%,16.2,14.6,18.1
1.988,5%,17%,0%,0%,0%,0%,15%,28%,0%,0%,0%,0%,36%,0%,0%,12.3,9.2,13.9
1.996,2%,11%,2%,4%,1%,1%,5%,16%,8%,16%,2%,2%,15%,11%,3%,13.3,9.9,11.4
2.004,2%,12%,0%,0%,0%,0%,6%,31%,0%,0%,0%,0%,44%,4%,0%,18.2,15.7,20.9
2.01,2%,10%,0%,1%,0%,0%,7%,28%,2%,5%,0%,1%,36%,7%,1%,17.4,14.9,19.6
2.015,4%,12%,0%,0%,0%,0%,7%,22%,6%,6%,0%,0%,30%,8%,4%,15.5,12.6,16.4
2.02,4%,11%,0%,0%,0%,0%,5%,23%,6%,8%,0%,0%,34%,10%,0%,18,15.6,17.8
2.025,6%,9%,0%,0%,0%,0%,7%,23%,7%,7%,0%,0%,26%,16%,0%,14.6,13.2,15.4
2.03,8%,16%,0%,0%,0%,0%,8%,21%,0%,0%,0%,0%,34%,14%,0%,15,12.5,17.6
2.034,3%,10%,0%,0%,0%,0%,7%,16%,8%,5%,0%,0%,32%,15%,3%,16,13.3,17
2.039,4%,9%,0%,0%,0%,0%,11%,17%,5%,5%,0%,0%,35%,13%,0%,14,11.1,15.7
2.044,1%,9%,0%,0%,0%,0%,5%,24%,3%,4%,0%,0%,42%,12%,0%,19.2,16.8,21
2.049,3%,7%,0%,0%,0%,0%,19%,18%,1%,2%,0%,0%,44%,4%,1%,12.3,9,15.1
2.054,1%,7%,0%,0%,0%,0%,7%,27%,0%,1%,0%,0%,53%,3%,0%,19,17.2,21.8
2.058,5%,11%,0%,0%,0%,0%,6%,20%,5%,7%,0%,0%,34%,12%,0%,16.3,14,17
2.063,6%,11%,0%,0%,0%,0%,5%,22%,4%,6%,0%,0%,37%,11%,0%,17.4,15.5,18
2.072,4%,9%,0%,0%,0%,0%,7%,18%,4%,10%,0%,0%,35%,12%,0%,16.6,14.3,18.4
2.084,5%,14%,0%,0%,0%,0%,9%,17%,3%,10%,0%,0%,29%,12%,0%,13.6,10.4,16.3
2.095,8%,9%,0%,0%,0%,0%,11%,20%,6%,12%,0%,0%,25%,8%,0%,11.3,10,11.2
2.1,5%,10%,0%,0%,0%,0%,9%,20%,6%,7%,0%,0%,27%,11%,4%,13.6,11.2,15.1
2.105,3%,9%,0%,0%,0%,0%,6%,15%,6%,5%,0%,0%,37%,15%,4%,17.6,15.3,18.8
2.112,4%,7%,0%,0%,0%,0%,8%,12%,4%,5%,0%,0%,40%,16%,4%,16.2,14,18.9
2.121,3%,7%,0%,0%,0%,0%,9%,11%,5%,4%,0%,0%,40%,17%,4%,16.2,14,18.8
2.129,3%,9%,0%,0%,0%,0%,11%,14%,6%,4%,0%,0%,36%,14%,3%,14.5,11.3,16.6
2.137,12%,6%,0%,0%,0%,0%,8%,20%,0%,0%,0%,0%,41%,13%,0%,15.1,15.5,17
2.141,4%,7%,0%,0%,0%,0%,9%,14%,5%,5%,0%,0%,40%,16%,0%,16,14.2,17.7
2.145,0%,0%,0%,0%,0%,0%,12%,13%,6%,5%,0%,0%,47%,18%,0%,16.2,14.6,19
2.151,4%,13%,0%,0%,0%,0%,3%,14%,4%,5%,0%,0%,38%,13%,6%,19.5,16.6,20.7
2.157,6%,17%,0%,0%,0%,0%,5%,20%,6%,6%,0%,0%,31%,9%,0%,16.7,13.4,16.1
2.163,6%,13%,0%,0%,0%,0%,11%,20%,4%,5%,0%,0%,30%,12%,0%,12.9,10.2,14.9
2.168,6%,16%,0%,0%,0%,0%,10%,16%,5%,7%,0%,0%,29%,10%,0%,12.7,9.1,13.4
2.17,2%,10%,0%,0%,0%,0%,7%,39%,0%,1%,0%,0%,36%,4%,0%,16.9,14.8,19.5
2.191,0%,9%,0%,0%,0%,0%,11%,18%,0%,0%,0%,0%,42%,19%,0%,15.7,12.2,21
2.217,4%,7%,0%,0%,0%,0%,4%,14%,5%,4%,0%,0%,41%,19%,0%,18.8,17.7,20.4
2.229,3%,8%,0%,0%,0%,0%,5%,19%,6%,5%,0%,0%,35%,17%,3%,17.9,15.8,18.8
2.237,8%,14%,0%,0%,0%,0%,8%,20%,6%,11%,0%,0%,23%,12%,0%,12.4,10.4,12.9
2.244,3%,6%,0%,0%,0%,0%,6%,15%,2%,7%,0%,0%,40%,18%,4%,18,16.3,21.2
2.251,3%,9%,0%,0%,0%,0%,12%,19%,0%,0%,0%,0%,37%,17%,4%,14.1,11.2,19.2
2.265,0%,7%,0%,0%,0%,0%,11%,13%,0%,0%,0%,0%,45%,24%,0%,16.4,13.1,21.9
2.278,4%,6%,0%,0%,0%,0%,7%,21%,4%,9%,0%,0%,32%,16%,0%,16.1,14.8,17.9
2.292,3%,7%,0%,0%,0%,0%,7%,18%,7%,4%,0%,0%,37%,16%,2%,16.8,14.9,18.1
2.305,4%,8%,0%,0%,0%,0%,11%,17%,6%,6%,0%,0%,34%,15%,0%,13.8,11.2,15.6
2.318,9%,12%,0%,0%,0%,0%,8%,14%,6%,4%,0%,0%,30%,17%,0%,13.6,11.7,14.7
2.328,5%,5%,0%,0%,0%,0%,9%,13%,7%,5%,0%,0%,36%,17%,3%,15,13.4,16.8
2.343,0%,0%,0%,0%,0%,0%,8%,24%,7%,5%,0%,0%,41%,16%,0%,17.6,16.9,19.5
2.353,8%,10%,0%,0%,0%,0%,13%,22%,0%,0%,0%,0%,46%,0%,0%,14.2,12.3,15.2
2.357,5%,13%,0%,0%,0%,0%,15%,16%,0%,0%,0%,0%,33%,18%,0%,11.7,7.9,16.4
2.362,5%,9%,0%,0%,0%,0%,17%,17%,9%,4%,0%,0%,25%,10%,2%,8.1,4.5,10.3
2.373,6%,13%,0%,0%,0%,0%,13%,15%,10%,7%,0%,0%,26%,11%,0%,10.6,7.2,10.7
2.386,4%,14%,0%,0%,0%,0%,4%,23%,9%,5%,0%,0%,29%,9%,3%,17.3,14.2,16.1
2.395,4%,11%,0%,0%,0%,0%,6%,21%,5%,4%,0%,0%,36%,11%,0%,17,14.5,17.5
2.399,6%,6%,0%,0%,0%,0%,18%,15%,5%,4%,1%,1%,30%,11%,3%,9.4,6.1,12.1
2.41,5%,10%,0%,0%,0%,0%,7%,21%,7%,6%,0%,0%,33%,12%,0%,15.9,13.6,16
2.414,6%,10%,0%,0%,0%,0%,12%,14%,12%,4%,0%,0%,28%,11%,4%,11.6,8.6,11.8
2.425,7%,12%,0%,0%,0%,0%,14%,20%,0%,0%,0%,0%,34%,14%,0%,12,9.3,15.4
2.429,4%,7%,0%,0%,0%,0%,9%,19%,10%,3%,3%,1%,30%,11%,4%,13.9,11.8,13.1
2.437,2%,9%,0%,0%,0%,0%,5%,27%,7%,7%,0%,0%,30%,11%,3%,17.8,15.5,18.1
2.438,4%,8%,0%,0%,0%,0%,5%,14%,7%,5%,0%,0%,37%,17%,5%,18.2,16.4,19.2
2.442,6%,7%,0%,0%,0%,0%,11%,12%,4%,4%,0%,0%,36%,15%,5%,13.7,11.4,16.4
2.443,7%,12%,0%,0%,0%,0%,10%,10%,10%,4%,0%,0%,28%,12%,6%,12.6,9.2,13
2.447,5%,8%,0%,0%,0%,0%,12%,12%,8%,4%,0%,0%,32%,14%,4%,12.3,9.1,14.2
2.452,6%,13%,0%,0%,0%,0%,5%,22%,6%,6%,0%,0%,31%,11%,0%,16.2,14,16
2.457,6%,10%,0%,0%,0%,0%,8%,15%,7%,3%,0%,0%,37%,10%,3%,15.3,13.2,15.7
2.461,4%,8%,0%,0%,0%,0%,6%,20%,5%,3%,0%,0%,46%,8%,0%,18.3,17,18.7
2.466,4%,9%,0%,0%,0%,0%,9%,14%,6%,6%,1%,2%,38%,9%,3%,15.6,12.9,16.3
2.474,7%,12%,0%,0%,0%,0%,8%,17%,7%,3%,0%,0%,32%,15%,0%,14.8,12.5,14.9
2.482,7%,8%,0%,0%,0%,0%,8%,13%,11%,4%,0%,0%,31%,12%,5%,14.2,12.4,13.9
2.487,6%,8%,0%,0%,0%,0%,12%,15%,8%,4%,0%,0%,34%,11%,2%,13,10.4,13.7
2.489,9%,17%,0%,0%,0%,0%,12%,26%,0%,0%,0%,0%,37%,0%,0%,13,10.5,13.3
2.495,6%,15%,0%,0%,0%,0%,7%,12%,14%,6%,0%,0%,24%,11%,4%,13.7,9.8,11.8
2.501,9%,16%,0%,0%,0%,0%,9%,20%,0%,0%,0%,0%,46%,0%,0%,15.8,13.7,16.5
2.502,13%,18%,0%,0%,0%,0%,7%,23%,0%,0%,0%,0%,39%,0%,0%,15.4,13.7,14.7
2.508,4%,9%,0%,0%,0%,0%,8%,14%,6%,6%,0%,0%,44%,9%,0%,17.1,15.1,17.3
2.514,7%,9%,0%,0%,0%,0%,14%,14%,6%,3%,0%,0%,36%,9%,2%,12.5,9.9,14
2.52,7%,11%,0%,0%,0%,0%,11%,15%,8%,9%,0%,0%,25%,12%,3%,11.3,8.7,12.7
2.525,7%,14%,0%,0%,0%,0%,6%,13%,12%,7%,3%,2%,21%,9%,6%,13.2,10.1,11
2.531,6%,10%,0%,0%,0%,0%,7%,11%,15%,4%,4%,2%,21%,11%,7%,12.5,9.7,10.4
2.537,6%,10%,0%,0%,0%,0%,11%,15%,12%,7%,0%,0%,24%,11%,4%,11.1,8.4,11.2
2.554,4%,8%,0%,0%,0%,0%,10%,20%,15%,3%,3%,1%,23%,9%,4%,11.6,9.6,9.9
2.572,4%,6%,0%,0%,0%,0%,10%,13%,6%,5%,0%,0%,38%,17%,0%,15.3,13,17.2
2.578,9%,8%,0%,0%,0%,0%,9%,18%,8%,5%,0%,0%,28%,15%,0%,12.7,11.7,12.7
2.583,4%,7%,0%,0%,0%,0%,8%,14%,7%,5%,0%,0%,36%,18%,2%,15.9,13.8,17.2
2.588,14%,9%,0%,0%,0%,0%,19%,14%,4%,3%,1%,0%,27%,7%,2%,7.7,5.4,8.1
2.592,10%,11%,0%,0%,0%,0%,10%,20%,0%,0%,0%,0%,33%,17%,0%,13.4,12.2,16.3
2.595,14%,10%,0%,0%,0%,0%,17%,18%,4%,3%,0%,0%,25%,6%,3%,7.9,6.2,8.6
2.598,7%,22%,0%,0%,0%,0%,8%,25%,0%,0%,0%,0%,24%,14%,0%,12.5,9.4,16.3
2.601,12%,18%,0%,0%,0%,0%,14%,18%,7%,5%,0%,0%,21%,6%,0%,8.1,5.8,7
2.604,3%,12%,0%,0%,0%,0%,7%,30%,3%,3%,0%,0%,31%,9%,0%,15.7,13.1,17.2
2.607,9%,20%,0%,0%,0%,0%,16%,24%,0%,0%,0%,0%,31%,0%,0%,10,7,10.3
2.609,2%,6%,0%,0%,0%,0%,13%,27%,11%,2%,0%,0%,27%,9%,3%,11.3,9.5,12.1
2.609,4%,8%,0%,0%,0%,0%,11%,45%,0%,0%,0%,0%,32%,0%,0%,13.4,12.8,15
2.61,7%,19%,0%,0%,0%,0%,7%,30%,0%,0%,0%,0%,37%,0%,0%,16.1,13.2,16.5
2.612,12%,13%,0%,0%,0%,0%,23%,23%,0%,0%,0%,0%,29%,0%,0%,6.9,4.4,6.9
2.615,7%,10%,0%,0%,0%,0%,12%,15%,10%,9%,0%,0%,19%,11%,6%,8.9,6.4,10.9
2.619,8%,12%,0%,0%,0%,0%,7%,25%,0%,0%,0%,0%,37%,12%,0%,15.8,14.2,18.6
2.625,7%,11%,0%,0%,0%,0%,16%,18%,6%,5%,0%,0%,26%,10%,0%,8.9,5.8,10.3
2.63,20%,16%,0%,0%,0%,0%,12%,23%,0%,0%,0%,0%,30%,0%,0%,10.8,10.5,8.4
2.636,6%,10%,0%,0%,0%,0%,6%,21%,8%,11%,0%,0%,29%,11%,0%,15.9,14.2,15.2
2.642,4%,12%,0%,0%,0%,0%,9%,20%,10%,4%,0%,0%,29%,11%,0%,13.7,10.6,13.3
2.648,5%,12%,0%,0%,0%,0%,11%,19%,6%,4%,0%,0%,27%,12%,4%,12.1,9.2,14.5
2.655,3%,8%,0%,0%,0%,0%,7%,17%,7%,4%,0%,0%,34%,18%,2%,16.5,14.3,18.2
2.667,9%,18%,0%,0%,0%,0%,9%,18%,9%,5%,2%,1%,19%,8%,2%,10.5,7.9,9.2
2.675,3%,7%,0%,0%,0%,0%,12%,23%,8%,5%,1%,1%,27%,9%,2%,11.9,9.9,12.7
2.682,7%,5%,0%,0%,0%,0%,11%,12%,5%,4%,0%,0%,35%,17%,4%,13.7,12.1,16.3
2.69,2%,8%,0%,0%,0%,0%,13%,18%,9%,9%,0%,0%,24%,12%,4%,10.1,6.7,12.5
2.698,3%,8%,0%,0%,0%,0%,8%,22%,8%,7%,1%,2%,25%,12%,3%,13.6,11.4,14.3
2.705,0%,0%,0%,0%,0%,0%,16%,24%,0%,0%,0%,0%,44%,16%,0%,13.6,11.6,19
2.713,6%,12%,0%,0%,0%,0%,9%,16%,9%,8%,0%,0%,30%,11%,0%,13.9,11.1,13.7
2.721,4%,13%,0%,0%,0%,0%,8%,21%,12%,8%,0%,0%,23%,10%,0%,13.2,10.3,11.5
2.733,5%,12%,0%,0%,0%,0%,12%,36%,0%,0%,0%,0%,36%,0%,0%,13.9,12,15.5
2.743,6%,18%,0%,0%,0%,0%,10%,33%,0%,0%,0%,0%,33%,0%,0%,13.9,11.4,14.8
2.754,4%,9%,0%,0%,0%,0%,12%,26%,0%,0%,0%,0%,49%,0%,0%,15.7,13.8,17.6
2.765,2%,7%,0%,0%,0%,0%,6%,29%,0%,0%,0%,0%,57%,0%,0%,19.8,18.6,22.2
2.789,4%,13%,0%,0%,0%,0%,7%,34%,0%,0%,0%,0%,42%,0%,0%,17.3,15,19.2
2.801,4%,15%,0%,0%,0%,0%,10%,32%,0%,0%,0%,0%,39%,0%,0%,15.4,12.8,17.1
2.814,8%,15%,0%,0%,0%,0%,8%,30%,0%,0%,0%,0%,39%,0%,0%,15.4,13.6,15.7
2.826,7%,13%,0%,0%,0%,0%,9%,28%,0%,0%,0%,0%,43%,0%,0%,15.8,14,16.7
2.838,4%,9%,0%,0%,0%,0%,6%,34%,0%,0%,0%,0%,47%,0%,0%,18.3,17,20.1
2.85,8%,11%,0%,0%,0%,0%,9%,33%,0%,0%,0%,0%,39%,0%,0%,15.1,13.8,15.8
2.863,7%,24%,0%,0%,0%,0%,11%,28%,0%,0%,0%,0%,29%,0%,0%,12.4,9,12.9
2.875,7%,13%,0%,0%,0%,0%,14%,31%,0%,0%,0%,0%,35%,0%,0%,11.9,10.1,13.1
2.887,6%,14%,0%,0%,0%,0%,9%,33%,0%,0%,0%,0%,39%,0%,0%,15.4,13.4,16.4
2.9,9%,14%,0%,0%,0%,0%,12%,38%,0%,0%,0%,0%,27%,0%,0%,11.3,10.7,11.5
2.907,6%,7%,0%,0%,0%,0%,13%,24%,0%,0%,0%,0%,50%,0%,0%,15.2,13.5,16.8
2.915,5%,8%,0%,0%,0%,0%,9%,27%,0%,0%,0%,0%,51%,0%,0%,17.1,15.7,19
2.944,3%,6%,0%,0%,0%,0%,6%,25%,0%,0%,0%,0%,60%,0%,0%,19.4,18.7,21.9
2.959,4%,9%,0%,0%,0%,0%,11%,30%,0%,0%,0%,0%,45%,0%,0%,15.5,13.7,17.5
2.973,5%,6%,0%,0%,0%,0%,6%,22%,0%,0%,0%,0%,61%,0%,0%,19.3,19.1,21.3
2.988,6%,13%,0%,0%,0%,0%,10%,23%,0%,0%,0%,0%,48%,0%,0%,16.1,13.7,17.8
3.003,7%,18%,0%,0%,0%,0%,10%,28%,0%,0%,0%,0%,38%,0%,0%,14.6,11.9,15.6