"age","d11B","d11Bse","d18O","MgCa","species","d13C"
58.776,16.67,0.13,NA,3.59,"Grub",NA
58.759,NA,NA,NA,3.46,"Grub",NA
58.741,NA,NA,NA,3.72,"Grub",NA
58.724,NA,NA,NA,3.46,"Grub",NA
58.706,NA,NA,NA,3.43,"Grub",NA
58.688,NA,NA,-1.26,3.36,"Grub",4.4
58.671,NA,NA,-1.11,NA,"Grub",4.57
58.654,NA,NA,-0.9,3.39,"Grub",4.54
58.638,NA,NA,-0.92,3.51,"Grub",4.49
58.621,16.75,0.15,-1.13,3.5,"Grub",4.6
58.605,NA,NA,-1.05,3.41,"Grub",4.75
58.589,NA,NA,-0.98,NA,"Grub",4.42
58.571,NA,NA,-1.31,3.39,"Grub",4.53
58.553,NA,NA,-1.25,3.48,"Grub",4.72
58.534,NA,NA,-1.09,3.56,"Grub",4.74
58.516,NA,NA,-1.35,3.6,"Grub",4.58
58.497,NA,NA,-1.09,3.69,"Grub",4.47
58.479,NA,NA,-1.27,3.56,"Grub",4.86
58.46,NA,NA,-1.38,3.84,"Grub",4.86
58.441,15.95,0.13,-1.19,3.98,"Grub",4.25
58.421,NA,NA,-1.22,3.76,"Grub",4.48
58.402,NA,NA,-1.4,3.88,"Grub",4.33
58.383,NA,NA,-1.34,3.73,"Grub",4.74
58.363,NA,NA,-1.33,3.63,"Grub",4.99
58.344,NA,NA,-1.32,3.8,"Grub",4.44
58.328,NA,NA,NA,4.04,"Grub",NA
58.324,NA,NA,-1.62,3.81,"Grub",4.85
58.309,NA,NA,NA,4.22,"Grub",NA
58.309,NA,NA,NA,4.43,"Grub",NA
58.305,NA,NA,-1.36,3.74,"Grub",4.99
58.288,NA,NA,NA,3.93,"Grub",NA
58.288,NA,NA,NA,4.41,"Grub",NA
58.286,16.39,0.12,-1.54,3.82,"Grub",4.43
58.283,NA,NA,NA,3.85,"Grub",NA
58.279,NA,NA,NA,3.93,"Grub",NA
58.268,NA,NA,NA,4.15,"Grub",NA
58.268,NA,NA,NA,4.39,"Grub",NA
58.266,NA,NA,-1.07,3.98,"Grub",4.06
58.266,NA,NA,NA,4.11,"Grub",NA
58.257,NA,NA,NA,4.09,"Grub",NA
58.249,NA,NA,NA,4.09,"Grub",NA
58.249,NA,NA,NA,4.38,"Grub",NA
58.248,NA,NA,NA,3.95,"Grub",NA
58.247,NA,NA,-1.59,3.92,"Grub",4.83
58.24,NA,NA,NA,3.72,"Grub",NA
58.235,NA,NA,NA,4.02,"Grub",NA
58.229,NA,NA,NA,4.07,"Grub",NA
58.228,NA,NA,-1.6,3.83,"Grub",4.83
58.224,NA,NA,NA,4.09,"Grub",NA
58.218,NA,NA,NA,3.99,"Grub",NA
58.21,NA,NA,NA,4.06,"Grub",NA
58.208,NA,NA,-1.39,4.04,"Grub",4.74
58.202,NA,NA,NA,4.1,"Grub",NA
58.197,NA,NA,NA,4.37,"Grub",NA
58.192,NA,NA,NA,4.15,"Grub",NA
58.191,NA,NA,NA,4.47,"Grub",NA
58.191,NA,NA,NA,4.87,"Grub",NA
58.189,NA,NA,-1.46,4.01,"Grub",5.12
58.179,NA,NA,NA,4.37,"Grub",NA
58.173,NA,NA,NA,4.55,"Grub",NA
58.171,NA,NA,NA,4.19,"Grub",NA
58.169,NA,NA,-1.43,3.98,"Grub",4.92
58.162,NA,NA,NA,4.36,"Grub",NA
58.154,NA,NA,NA,4.69,"Grub",NA
58.153,NA,NA,NA,4.29,"Grub",NA
58.153,NA,NA,NA,4.43,"Grub",NA
58.15,NA,NA,-1.47,4.18,"Grub",4.64
58.149,NA,NA,NA,4.24,"Grub",NA
58.149,NA,NA,NA,4.25,"Grub",NA
58.136,NA,NA,NA,4.08,"Grub",NA
58.136,NA,NA,NA,4.2,"Grub",NA
58.133,16.53,0.22,NA,3.93,"Grub",NA
58.131,NA,NA,-1.54,4.03,"Grub",4.96
58.128,NA,NA,NA,4.31,"Grub",NA
58.128,NA,NA,NA,4.64,"Grub",NA
58.119,NA,NA,NA,4.17,"Grub",NA
58.116,NA,NA,NA,4.33,"Grub",NA
58.113,NA,NA,-1.3,4.07,"Grub",4.88
58.112,NA,NA,NA,4.29,"Grub",NA
58.11,NA,NA,NA,4.32,"Grub",NA
58.102,16.5,0.1,NA,4.37,"Grub",NA
58.101,16.67,0.12,NA,4.4,"Grub",NA
58.099,16.22,0.14,-1.19,4.16,"Grub",4.69
58.096,NA,NA,NA,4.21,"Grub",NA
58.091,NA,NA,NA,4.4,"Grub",NA
58.086,15.3,0.1,NA,4.33,"Grub",NA
58.086,16.24,0.1,-1.59,4.47,"Grub",4.72
58.081,15.53,0.1,NA,4.57,"Grub",NA
58.074,NA,NA,NA,4.22,"Grub",NA
58.074,NA,NA,NA,4.24,"Grub",NA
58.073,NA,NA,NA,4.62,"Grub",NA
58.071,NA,NA,-1.54,4.27,"Grub",4.89
58.068,16.32,0.12,NA,4.34,"Grub",NA
58.068,NA,NA,NA,4.47,"Grub",NA
58.064,16.3,0.1,NA,4.35,"Grub",NA
58.064,NA,NA,NA,4.43,"Grub",NA
58.057,NA,NA,-1.59,4.01,"Grub",4.99
58.057,NA,NA,NA,4.37,"Grub",NA
58.045,16.53,0.1,NA,4.33,"Grub",NA
58.043,NA,NA,-1.43,3.82,"Grub",5.55
58.029,NA,NA,-1.62,4.07,"Grub",5.19
58.029,NA,NA,NA,3.94,"Grub",NA
58.015,NA,NA,-1.12,4.03,"Grub",4.7
58.001,NA,NA,-1.52,3.89,"Grub",4.95
58.001,NA,NA,-1.4,4.27,"Grub",5.09
57.99,NA,NA,NA,3.93,"Grub",NA
57.987,16.47,0.13,-1.65,3.88,"Grub",4.89
57.976,NA,NA,NA,3.9,"Grub",NA
57.973,NA,NA,-1.52,3.77,"Grub",5.1
57.962,NA,NA,NA,4.03,"Grub",NA
57.959,NA,NA,-1.57,3.71,"Grub",5.6
57.945,NA,NA,-1.37,3.83,"Grub",4.84
57.931,NA,NA,-1.35,3.79,"Grub",5.02
57.917,NA,NA,-1.34,3.78,"Grub",5.05
57.903,NA,NA,-1.36,3.67,"Grub",4.85
57.876,NA,NA,-1.49,3.71,"Grub",5.32
57.862,NA,NA,-1.37,3.43,"Grub",4.96
57.851,NA,NA,-1.3,NA,"Grub",4.75
57.848,NA,NA,-1.37,3.57,"Grub",5.07
57.834,NA,NA,-1.38,3.79,"Grub",5.38
57.82,NA,NA,-1.32,3.59,"Grub",4.94
57.806,16.67,0.1,-1.53,3.52,"Grub",5.18
57.792,NA,NA,-1.14,3.49,"Grub",5.06
57.778,NA,NA,-1.26,3.38,"Grub",4.26
57.778,NA,NA,-1.25,NA,"Grub",5.02
57.764,NA,NA,-1.68,3.34,"Grub",5.14
57.75,NA,NA,-1.24,3.42,"Grub",4.7
57.736,NA,NA,-1.08,3.41,"Grub",4.7
57.722,NA,NA,-1.17,3.49,"Grub",4.69
57.708,NA,NA,-0.86,3.41,"Grub",4.35
57.7,NA,NA,-1.37,3.52,"Grub",4.76
57.687,NA,NA,-1.28,3.55,"Grub",4.94
57.673,NA,NA,-1.13,3.48,"Grub",4.69
57.659,NA,NA,-1.45,3.61,"Grub",4.84
57.645,NA,NA,-1.45,3.7,"Grub",4.61
57.632,NA,NA,-1.44,3.7,"Grub",5.11
57.619,16.52,0.17,-1.6,3.89,"Grub",4.86
57.606,NA,NA,-1.45,3.6,"Grub",4.82
57.593,NA,NA,-1.48,3.47,"Grub",5.18
57.58,NA,NA,-1.59,3.71,"Grub",4.88
57.566,NA,NA,-1.37,3.83,"Grub",4.65
57.553,NA,NA,-1.55,3.7,"Grub",5.05
57.54,NA,NA,NA,3.63,"Grub",NA
57.527,NA,NA,-1.32,3.64,"Grub",4.5
57.514,NA,NA,-1.26,3.5,"Grub",4.99
57.5,16.76,0.15,-1.32,3.38,"Grub",5.14
57.487,NA,NA,-1.62,3.55,"Grub",4.98
57.478,NA,NA,-1.39,NA,"Grub",4.56
57.474,NA,NA,-1.42,3.44,"Grub",4.88
57.461,NA,NA,-1.62,3.37,"Grub",5.12
57.448,NA,NA,-1.52,3.39,"Grub",4.67
57.435,NA,NA,-1.6,3.35,"Grub",4.89
57.421,NA,NA,-1.23,3.52,"Grub",4.8
57.408,NA,NA,-1.32,3.68,"Grub",4.75
57.395,NA,NA,-1.82,3.54,"Grub",4.83
57.382,NA,NA,-1.17,3.64,"Grub",4.23
57.371,NA,NA,-1.33,NA,"Grub",4.36
57.369,NA,NA,-1.14,3.79,"Grub",4.34
57.354,NA,NA,-1.6,3.64,"Grub",4.91
57.338,16.45,0.1,-1.62,3.67,"Grub",4.8
57.322,NA,NA,-1.58,3.39,"Grub",4.96
57.306,NA,NA,-1.57,NA,"Grub",5.32
57.29,NA,NA,-1.21,3.44,"Grub",4.57
57.275,NA,NA,-1.83,3.46,"Grub",4.6
57.259,NA,NA,-1.41,3.58,"Grub",4.34
57.243,NA,NA,-1.57,3.82,"Grub",4.86
57.226,16.63,0.13,-1.29,3.58,"Grub",4.44
57.214,NA,NA,-1.4,NA,"Grub",4.63
57.209,NA,NA,-1.49,3.65,"Grub",4.64
57.192,NA,NA,-1.65,3.66,"Grub",4.78
57.175,NA,NA,-1.54,3.45,"Grub",4.84
57.158,NA,NA,-1.25,3.47,"Grub",4.64
57.141,NA,NA,-1.42,3.46,"Grub",4.87
57.125,NA,NA,-1.76,3.41,"Grub",5.36
57.108,NA,NA,-1.44,3.7,"Grub",4.91
57.091,NA,NA,-1.45,3.57,"Grub",4.77
57.074,16.54,0.13,-1.2,3.77,"Grub",4.69
57.074,NA,NA,-1.42,NA,"Grub",4.49
57.057,NA,NA,-1.47,3.35,"Grub",5.04
56.953,NA,NA,-1.33,3.5,"Grub",4.7
56.941,NA,NA,-1.17,NA,"Grub",4.61
56.929,NA,NA,-1.43,3.19,"Grub",4.73
56.917,NA,NA,-1.44,NA,"Grub",4.61
56.905,NA,NA,-1.24,3.33,"Grub",4.41
56.893,NA,NA,-1.45,3.33,"Grub",4.63
56.88,NA,NA,-1.19,NA,"Grub",4.68
56.868,NA,NA,-1.31,3.46,"Grub",4.41
56.856,NA,NA,-1.17,3.39,"Grub",4.36
56.821,NA,NA,-1.34,NA,"Grub",4.78
56.786,NA,NA,-1.15,3.32,"Grub",4.07
56.752,NA,NA,-1.32,NA,"Grub",4.5
56.718,NA,NA,-1.21,3.48,"Grub",4.46
56.686,16.16,0.16,NA,3.41,"Tsac",NA
56.686,NA,NA,-1.21,3.13,"Grub",4.73
56.621,NA,NA,-1.11,3.24,"Grub",4.24
56.601,NA,NA,-1.37,NA,"Grub",4.39
56.588,NA,NA,-1.11,3.3,"Grub",3.82
56.555,NA,NA,-1.32,3.26,"Grub",3.79
56.36,NA,NA,-1.61,NA,"Grub",4.02
56.262,NA,NA,NA,3.26,"Grub",NA
56.197,NA,NA,NA,3.12,"Grub",NA
56.138,NA,NA,-1.56,3.32,"Grub",3.32
56.12,14.82,0.11,NA,3.45,"Tsac",NA
56.12,15.26,0.13,-1.26,3.63,"Grub",4.01
56.12,15.34,0.1,NA,NA,"Grub",NA
56.12,15.37,0.11,NA,NA,"Grub",NA
56.119,NA,NA,-1.18,NA,"Grub",3.23
56.109,NA,NA,-1.3,3.67,"Grub",3.64
56.099,NA,NA,-1.35,3.4,"Grub",3.27
56.098,NA,NA,-1.06,3.28,"Grub",3.88
56.086,NA,NA,-1.16,3.3,"Grub",4.01
56.079,NA,NA,-1.29,NA,"Grub",3.24
56.075,NA,NA,NA,3.39,"Grub",NA
56.064,NA,NA,-1.5,3.49,"Grub",3.99
56.06,NA,NA,-1.42,3.37,"Grub",3.83
56.052,NA,NA,-1.13,3.38,"Grub",3.95
56.041,NA,NA,-1.14,3.2,"Grub",4.06
56.04,NA,NA,-1.36,NA,"Grub",3.92
56.032,NA,NA,-1.2,3.36,"Grub",4.19
56.02,NA,NA,-1,3.48,"Grub",4.02
56.018,NA,NA,-1.13,3.41,"Grub",3.9
56.007,NA,NA,-1.25,3.47,"Grub",4.15
56,NA,NA,-1.35,NA,"Grub",4.18
55.993,NA,NA,NA,3.53,"Grub",NA
55.985,NA,NA,NA,3.31,"Grub",NA
55.985,NA,NA,NA,3.45,"Grub",NA
55.985,NA,NA,NA,3.55,"Grub",NA
55.985,NA,NA,NA,3.59,"Grub",NA
55.985,NA,NA,NA,3.7,"Grub",NA
55.983,NA,NA,-1.05,NA,"Grub",3.82
55.981,NA,NA,NA,3.38,"Tsac",NA
55.981,NA,NA,-1.5,NA,"Grub",4.47
55.981,NA,NA,NA,3.31,"Grub",NA
55.975,NA,NA,NA,3.51,"Grub",NA
55.971,NA,NA,NA,3.44,"Tsac",NA
55.971,NA,NA,NA,3.45,"Grub",NA
55.971,NA,NA,NA,3.58,"Grub",NA
55.971,NA,NA,NA,4.09,"Grub",NA
55.97,NA,NA,-1.31,NA,"Grub",3.91
55.966,NA,NA,-1.14,NA,"Grub",3.89
55.965,15.4,0.165,-1.37,3.46,"Tsac",4.14
55.965,15.69,0.11,-1.42,NA,"Grub",3.94
55.965,15.76,0.22,-1.51,NA,"Grub",4.3
55.965,NA,NA,-1.68,NA,"Tsac",3.64
55.965,NA,NA,-1.55,NA,"Tsac",4.17
55.965,NA,NA,-1.34,NA,"Tsac",3.38
55.965,NA,NA,-1.19,NA,"Tsac",4.05
55.965,NA,NA,-1.14,NA,"Grub",3.81
55.961,NA,NA,-1.48,NA,"Grub",4.42
55.959,NA,NA,-1.21,NA,"Grub",3.94
55.957,15.73,0.23,-1.31,3.53,"Grub",3.64
55.957,NA,NA,-1.56,NA,"Grub",4.34
55.957,NA,NA,-1.52,NA,"Grub",2.09
55.957,NA,NA,-1.5,NA,"Tsac",3.77
55.957,NA,NA,-1.44,NA,"Tsac",3.43
55.957,NA,NA,-1.43,NA,"Grub",4.28
55.957,NA,NA,-1.25,3.43,"Tsac",3.78
55.956,14.61,0.115,NA,3.26,"Tsac",NA
55.956,15.46,0.11,NA,NA,"Grub",NA
55.954,NA,NA,NA,3.33,"Tsac",NA
55.954,NA,NA,NA,3.54,"Grub",NA
55.95,15.73,0.2,NA,3.33,"Grub",NA
55.95,NA,NA,NA,3.19,"Tsac",NA
55.95,NA,NA,NA,3.33,"Grub",NA
55.95,NA,NA,NA,3.59,"Grub",NA
55.948,NA,NA,NA,3.13,"Grub",NA
55.948,NA,NA,NA,3.21,"Grub",NA
55.948,NA,NA,NA,3.4,"Grub",NA
55.946,15.35,0.15,-1.51,3.35,"Grub",4.09
55.946,NA,NA,-1.9,NA,"Grub",4.01
55.946,NA,NA,-1.73,NA,"Grub",3.76
55.946,NA,NA,-1.66,NA,"Tsac",4.07
55.946,NA,NA,-1.5,3.81,"Grub",3.87
55.946,NA,NA,-1.47,NA,"Grub",3.97
55.946,NA,NA,-1.42,NA,"Tsac",4.02
55.946,NA,NA,-1.21,NA,"Tsac",4.03
55.944,NA,NA,NA,3.72,"Grub",NA
55.942,NA,NA,-1.58,3.53,"Grub",4.08
55.942,NA,NA,NA,3.25,"Tsac",NA
55.942,NA,NA,NA,3.31,"Tsac",NA
55.942,NA,NA,NA,3.57,"Tsac",NA
55.934,14.76,0.2,-1.9,NA,"Grub",0.61
55.934,NA,NA,-1.97,NA,"Grub",0.47
55.934,NA,NA,-1.9,NA,"Tsac",0.86
55.934,NA,NA,-1.89,NA,"Grub",0.9
55.934,NA,NA,-1.61,NA,"Tsac",2.27
55.934,NA,NA,-1.58,NA,"Tsac",1.67
55.934,NA,NA,-1.54,NA,"Tsac",1.23
55.934,NA,NA,-1.51,NA,"Tsac",1.89
55.934,NA,NA,-1.47,NA,"Tsac",1.85
55.934,NA,NA,-1.41,NA,"Tsac",1.99
55.932,14.49,0.17,-2.14,5.04,"Grub",0.72
55.932,14.51,0.12,-2.32,4.69,"Grub",0.7
55.932,NA,NA,-2.16,NA,"Grub",0.68
55.932,NA,NA,-2.1,NA,"Tsac",0.52
55.932,NA,NA,-1.99,NA,"Tsac",0.59
55.932,NA,NA,-1.96,4.7,"Grub",0.62
55.932,NA,NA,-1.93,NA,"Tsac",0.06
55.932,NA,NA,-1.85,NA,"Grub",0.3
55.93,NA,NA,-2.09,NA,"Grub",0.75
55.93,NA,NA,-2.01,NA,"Grub",0.4
55.93,NA,NA,-1.93,5.4,"Grub",0.73
55.93,NA,NA,-1.83,NA,"Tsac",1.02
55.93,NA,NA,-1.79,NA,"Grub",0.43
55.93,NA,NA,-1.68,NA,"Grub",0.71
55.93,NA,NA,-1.6,5.2,"Tsac",1.41
55.93,NA,NA,-1.57,NA,"Tsac",0.62
55.927,14.82,0.15,-1.91,5.37,"Grub",0.67
55.927,NA,NA,-2.06,NA,"Grub",0.63
55.927,NA,NA,-1.99,NA,"Grub",0.58
55.927,NA,NA,-1.96,NA,"Grub",0.7
55.927,NA,NA,-1.95,NA,"Grub",0.63
55.927,NA,NA,-1.85,NA,"Tsac",0.79
55.927,NA,NA,-1.82,NA,"Tsac",0.61
55.927,NA,NA,-1.68,NA,"Tsac",1.15
55.926,14.11,0.165,NA,NA,"Tsac",NA
55.924,NA,NA,-2.21,NA,"Grub",0.31
55.924,NA,NA,-2.14,NA,"Grub",0.97
55.924,NA,NA,-1.98,4.83,"Grub",0.59
55.924,NA,NA,-1.96,NA,"Grub",0.47
55.924,NA,NA,-1.79,5.49,"Grub",0.57
55.924,NA,NA,-1.77,5.12,"Tsac",0.96
55.924,NA,NA,-1.72,4.88,"Tsac",0.89
55.924,NA,NA,-1.44,NA,"Tsac",1.33
55.92,NA,NA,-2.17,NA,"Grub",0.62
55.92,NA,NA,-2.13,NA,"Grub",0.77
55.92,NA,NA,-1.9,NA,"Grub",1.02
55.92,NA,NA,-1.89,NA,"Grub",1.14
55.92,NA,NA,-1.86,NA,"Grub",0.93
55.92,NA,NA,-1.69,NA,"Tsac",0.92
55.92,NA,NA,-1.63,NA,"Tsac",0.92
55.92,NA,NA,-1.58,NA,"Tsac",0.83
55.917,NA,NA,-1.98,NA,"Grub",NA
55.917,NA,NA,-1.93,NA,"Grub",0.66
55.917,NA,NA,-1.81,NA,"Grub",0.99
55.917,NA,NA,-1.7,NA,"Grub",1.31
55.917,NA,NA,-1.7,NA,"Grub",1.08
55.917,NA,NA,-1.64,NA,"Tsac",1.38
55.917,NA,NA,-1.59,NA,"Tsac",1.27
55.917,NA,NA,-1.29,NA,"Tsac",0.97
55.917,NA,NA,-1.43,NA,"Grub",0.85
55.914,NA,NA,-2.1,NA,"Grub",0.94
55.914,NA,NA,-2.08,NA,"Grub",1
55.914,NA,NA,-1.93,NA,"Grub",0.57
55.914,NA,NA,-1.93,NA,"Grub",0.72
55.914,NA,NA,-1.79,NA,"Tsac",0.89
55.914,15.11,0.14,-1.95,5.09,"Grub",1.02
55.914,NA,NA,-1.74,4.67,"Tsac",0.91
55.914,NA,NA,-1.61,4.32,"Tsac",0.63
55.907,NA,NA,-2.2,NA,"Grub",1.12
55.907,NA,NA,-2.14,NA,"Grub",0.48
55.907,NA,NA,-1.99,NA,"Grub",1.32
55.907,NA,NA,-1.76,NA,"Grub",1.03
55.907,NA,NA,-1.71,NA,"Grub",1.02
55.907,NA,NA,-1.7,NA,"Tsac",1.13
55.907,NA,NA,-1.58,NA,"Tsac",2.19
55.907,NA,NA,-1.4,NA,"Tsac",1.05
55.904,NA,NA,-2.14,NA,"Grub",1.47
55.904,NA,NA,-2.05,5.28,"Grub",1.48
55.904,NA,NA,-1.92,NA,"Grub",0.64
55.904,NA,NA,-1.89,NA,"Grub",1.39
55.904,NA,NA,-1.65,4.76,"Tsac",1.32
55.904,NA,NA,-1.64,NA,"Tsac",1.27
55.904,NA,NA,-1.58,NA,"Grub",1.27
55.904,NA,NA,-1.47,4.91,"Tsac",1.35
55.901,NA,NA,-2.11,NA,"Grub",1
55.901,NA,NA,-2.03,NA,"Tsac",1.71
55.901,NA,NA,-1.76,NA,"Grub",0.64
55.901,NA,NA,-1.76,NA,"Tsac",0.83
55.901,NA,NA,-1.62,NA,"Grub",0.78
55.901,14.45,0.23,-2.03,4.83,"Grub",0.9
55.901,14.46,0.11,-2.19,NA,"Grub",0.93
55.899,13.94,0.145,-1.99,NA,"Tsac",NA
55.898,NA,NA,-1.77,NA,"Grub",1.37
55.898,NA,NA,-1.75,NA,"Grub",1.2
55.898,NA,NA,-1.62,NA,"Tsac",2.44
55.898,NA,NA,-1.62,NA,"Tsac",0.84
55.898,NA,NA,-1.54,NA,"Grub",1.13
55.898,NA,NA,-1.11,NA,"Tsac",1.22
55.894,NA,NA,-1.68,NA,"Grub",1.4
55.894,NA,NA,-1.68,NA,"Grub",1.55
55.894,NA,NA,-1.61,NA,"Tsac",1.17
55.894,NA,NA,-1.61,5.46,"Grub",1.28
55.894,NA,NA,-1.31,NA,"Grub",1.41
55.894,NA,NA,-1.17,NA,"Tsac",2.42
55.894,NA,NA,-1.08,NA,"Tsac",1.08
55.891,NA,NA,-1.87,NA,"Grub",1.22
55.891,NA,NA,-1.65,NA,"Grub",1.79
55.891,NA,NA,-1.63,NA,"Grub",1.26
55.891,NA,NA,-1.49,NA,"Grub",1.51
55.891,NA,NA,-1.33,NA,"Tsac",2.25
55.891,NA,NA,-1.31,NA,"Tsac",1.09
55.891,NA,NA,-1.25,NA,"Tsac",1.49
55.888,14.92,0.12,-1.63,5.01,"Grub",1.64
55.888,NA,NA,-1.92,5.02,"Grub",1.48
55.888,NA,NA,-1.8,NA,"Grub",1.72
55.888,NA,NA,-1.72,NA,"Grub",1.93
55.888,NA,NA,-1.7,NA,"Tsac",1.81
55.888,NA,NA,-1.67,5.1,"Grub",1.85
55.888,NA,NA,-1.56,NA,"Tsac",2.61
55.888,NA,NA,-1.51,5.27,"Tsac",1.48
55.888,NA,NA,-1.17,4.52,"Tsac",1.25
55.885,14.9,0.15,-1.84,4.41,"Grub",1
55.885,NA,NA,-1.9,NA,"Grub",1.24
55.885,NA,NA,-1.79,NA,"Grub",1.05
55.885,NA,NA,-1.67,NA,"Grub",1.73
55.885,NA,NA,-1.58,NA,"Grub",1.42
55.885,NA,NA,-1.57,NA,"Grub",1.29
55.885,NA,NA,-1.56,NA,"Tsac",1.39
55.885,NA,NA,-1.53,NA,"Tsac",1.33
55.885,NA,NA,-1.34,NA,"Tsac",1.53
55.882,NA,NA,NA,4.86,"Grub",NA
55.882,NA,NA,NA,5.22,"Grub",NA
55.872,15.09,0.12,NA,4.79,"Grub",NA
55.872,NA,NA,NA,4.53,"Tsac",NA
55.869,NA,NA,NA,4.72,"Grub",NA
55.865,NA,NA,-1.83,NA,"Grub",1.95
55.865,NA,NA,-1.65,NA,"Grub",1.72
55.865,NA,NA,-1.61,NA,"Grub",1.97
55.865,NA,NA,-1.55,NA,"Grub",1.7
55.865,NA,NA,-1.47,NA,"Tsac",2.22
55.865,NA,NA,-1.34,NA,"Tsac",1.89
55.865,NA,NA,-1.24,4.44,"Grub",2.2
55.865,NA,NA,-1.23,NA,"Tsac",1.83
55.859,NA,NA,NA,4.51,"Grub",NA
55.859,NA,NA,NA,4.88,"Grub",NA
55.853,NA,NA,-1.6,NA,"Grub",1.74
55.853,NA,NA,NA,4.06,"Tsac",NA
55.853,NA,NA,NA,4.77,"Tsac",NA
55.849,NA,NA,-1.71,NA,"Grub",2.81
55.849,NA,NA,-1.56,NA,"Grub",1.78
55.849,NA,NA,-1.55,NA,"Grub",2.14
55.849,NA,NA,-1.49,NA,"Grub",1.92
55.849,NA,NA,-1.25,NA,"Grub",2.76
55.849,NA,NA,-1.21,NA,"Tsac",2.33
55.849,NA,NA,-1.12,NA,"Tsac",2.04
55.849,NA,NA,-1.03,NA,"Tsac",1.72
55.848,13.85,0.15,NA,NA,"Tsac",NA
55.846,14.96,0.15,NA,NA,"Grub",NA
55.843,NA,NA,NA,4.02,"Grub",NA
55.843,NA,NA,NA,4.13,"Grub",NA
55.833,NA,NA,-1.86,NA,"Grub",3.16
55.833,NA,NA,-1.74,NA,"Grub",2.84
55.833,NA,NA,-1.71,NA,"Grub",3.09
55.833,NA,NA,-1.67,NA,"Grub",3.31
55.833,NA,NA,-1.49,NA,"Grub",1.64
55.833,NA,NA,-1.38,NA,"Tsac",2.63
55.833,NA,NA,-1.26,NA,"Tsac",2.71
55.833,NA,NA,-1.23,NA,"Tsac",2.23
55.822,NA,NA,-1.5,3.89,"Grub",2.73
55.82,NA,NA,NA,3.95,"Grub",NA
55.817,NA,NA,NA,3.64,"Tsac",NA
55.817,NA,NA,NA,4.12,"Tsac",NA
55.815,15.13,0.12,-1.44,NA,"Grub",2.55
55.815,NA,NA,-1.54,NA,"Grub",2.99
55.815,NA,NA,-1.54,NA,"Grub",2.37
55.815,NA,NA,-1.47,NA,"Grub",2.75
55.815,NA,NA,-1.45,NA,"Grub",2.44
55.815,NA,NA,-1.43,NA,"Tsac",2.76
55.815,NA,NA,-1.27,NA,"Tsac",2.69
55.805,NA,NA,NA,3.46,"Grub",NA
55.805,NA,NA,NA,3.71,"Grub",NA
55.803,NA,NA,-1.67,NA,"Grub",3.25
55.803,NA,NA,-1.54,NA,"Grub",2.48
55.803,NA,NA,-1.51,NA,"Tsac",3.45
55.803,NA,NA,-1.46,NA,"Grub",2.88
55.803,NA,NA,-1.39,NA,"Tsac",2.95
55.803,NA,NA,-1.39,NA,"Grub",3.43
55.803,NA,NA,-1.26,NA,"Grub",2.75
55.8,NA,NA,-1.54,NA,"Grub",3.11
55.798,NA,NA,NA,4.23,"Grub",NA
55.796,15.43,0.19,NA,4.08,"Grub",NA
55.796,NA,NA,NA,3.41,"Tsac",NA
55.794,NA,NA,-1.69,NA,"Grub",3.14
55.794,NA,NA,-1.55,NA,"Grub",2.86
55.794,NA,NA,-1.46,NA,"Tsac",3.27
55.794,NA,NA,-1.43,NA,"Grub",2.71
55.794,NA,NA,-1.36,NA,"Grub",2.75
55.794,NA,NA,-1.23,NA,"Grub",3.54
55.794,NA,NA,-1.07,NA,"Tsac",2.89
55.788,15.86,0.12,NA,NA,"Grub",NA
55.781,NA,NA,-1.6,3.59,"Grub",3.34
55.776,NA,NA,NA,3.88,"Grub",NA
55.774,NA,NA,NA,3.31,"Tsac",NA
55.772,NA,NA,NA,4.3,"Grub",NA
55.765,NA,NA,NA,3.78,"Tsac",NA
55.761,NA,NA,-1.6,NA,"Grub",3.24
55.759,NA,NA,NA,3.86,"Grub",NA
55.753,NA,NA,NA,3.43,"Tsac",NA
55.749,NA,NA,NA,3.99,"Grub",NA
55.741,NA,NA,-1.62,NA,"Grub",3.49
55.739,15.76,0.1,NA,NA,"Grub",NA
55.734,NA,NA,NA,3.69,"Grub",NA
55.732,NA,NA,NA,3.46,"Tsac",NA
55.722,NA,NA,-1.61,NA,"Grub",3.52
55.715,14.61,0.075,NA,NA,"Tsac",NA
55.715,15.39,0.1,NA,NA,"Grub",NA
55.712,NA,NA,NA,4.35,"Grub",NA
55.71,15.4,0.1,NA,3.65,"Grub",NA
55.708,NA,NA,NA,3.45,"Tsac",NA
55.698,NA,NA,NA,3.78,"Grub",NA
55.697,NA,NA,-1.74,3.55,"Grub",3.94
55.686,NA,NA,NA,3.71,"Grub",NA
55.686,NA,NA,NA,3.71,"Grub",NA
55.686,NA,NA,NA,4.21,"Grub",NA
55.679,NA,NA,NA,3.78,"Tsac",NA
55.674,NA,NA,NA,3.94,"Grub",NA
55.673,NA,NA,-1.59,NA,"Grub",4.27
55.66,NA,NA,NA,4.14,"Grub",NA
55.649,NA,NA,-1.66,3.51,"Grub",3.86
55.644,NA,NA,NA,3.82,"Grub",NA
55.628,NA,NA,NA,4.07,"Grub",NA
55.622,NA,NA,NA,4.14,"Grub",NA
55.619,NA,NA,-1.85,NA,"Grub",3.57
55.607,NA,NA,NA,3.81,"Grub",NA
55.594,NA,NA,-1.5,3.73,"Tsac",2.76
55.589,NA,NA,-1.54,3.67,"Grub",3.71
55.56,NA,NA,-1.52,4.16,"Tsac",2.91
55.553,NA,NA,NA,3.83,"Grub",NA
55.55,NA,NA,NA,3.99,"Grub",NA
55.55,NA,NA,NA,4.04,"Grub",NA
55.52,NA,NA,-1.72,3.7,"Grub",3.84
55.485,NA,NA,-1.43,NA,"Grub",3.68
55.45,15.22,0.27,-1.6,3.62,"Grub",3.79
55.448,15.53,0.105,NA,NA,"Tsac",NA
55.411,NA,NA,-1.38,NA,"Grub",3.6
55.376,NA,NA,-1.55,3.55,"Grub",3.96
55.345,NA,NA,-1.41,NA,"Grub",3.74
55.332,NA,NA,-1.26,NA,"Grub",3.7
55.257,NA,NA,NA,3.75,"Grub",NA
55.257,NA,NA,NA,4.15,"Grub",NA
55.197,NA,NA,-1.55,3.78,"Grub",3.72
55.197,NA,NA,NA,3.52,"Grub",NA
55.197,NA,NA,-1.34,3.78,"Tsac",2.68
55.138,NA,NA,-1.37,4,"Grub",3.44
55.138,NA,NA,NA,3.53,"Grub",NA
55.138,15.11,0.12,-1.09,3.77,"Tsac",2.83
55.079,NA,NA,-1.34,3.88,"Grub",3.82
55.079,NA,NA,-1.12,3.71,"Grub",3.73
55.079,NA,NA,-1.54,NA,"Tsac",3.11
55.021,NA,NA,NA,3.86,"Grub",NA
55.011,NA,NA,-1.67,3.72,"Tsac",3.09
54.963,NA,NA,NA,3.72,"Grub",NA
54.936,NA,NA,-1.43,3.59,"Tsac",3.05
54.916,NA,NA,NA,3.87,"Grub",NA
54.895,NA,NA,-1.31,3.8,"Tsac",2.58
54.865,NA,NA,NA,3.77,"Grub",NA
54.853,15.28,0.13,-1.52,3.57,"Tsac",2.62
54.777,NA,NA,-1.31,NA,"Tsac",2.79
54.769,NA,NA,NA,3.73,"Grub",NA
54.696,NA,NA,-1.69,3.55,"Tsac",2.73
54.684,NA,NA,-1.34,3.77,"Tsac",2.77
54.683,NA,NA,NA,3.58,"Grub",NA
54.66,NA,NA,-1.62,3.49,"Tsac",2.9
54.644,NA,NA,-1.61,3.46,"Tsac",2.62
54.62,NA,NA,-1.66,3.53,"Tsac",2.44
54.604,NA,NA,NA,3.83,"Grub",NA
54.603,NA,NA,-1.31,3.6,"Tsac",2.71
54.579,NA,NA,-1.71,3.75,"Tsac",2.79
54.563,NA,NA,-1.55,3.66,"Tsac",2.69
54.535,NA,NA,-1.71,3.67,"Tsac",2.58
54.525,NA,NA,NA,3.77,"Grub",NA
54.523,NA,NA,-1.74,3.91,"Tsac",3.07
54.499,NA,NA,-1.67,3.8,"Tsac",2.45
54.483,NA,NA,-1.67,NA,"Tsac",2.55
54.458,NA,NA,-1.8,NA,"Tsac",2.14
54.444,NA,NA,NA,3.62,"Grub",NA
54.44,15.35,0.165,NA,3.69,"Tsac",NA
54.44,NA,NA,-1.67,NA,"Tsac",2.23
54.413,NA,NA,-1.61,3.82,"Tsac",2.33
54.355,NA,NA,NA,3.79,"Grub",NA
54.355,NA,NA,-1.42,NA,"Tsac",2.13
54.328,NA,NA,-1.74,NA,"Tsac",2.38
54.292,NA,NA,-1.43,3.6,"Tsac",1.95
54.283,NA,NA,-1.53,NA,"Tsac",1.95
54.266,NA,NA,NA,3.9,"Grub",NA
54.265,NA,NA,-1.35,3.81,"Tsac",2.07
54.251,NA,NA,-1.8,3.56,"Tsac",2.08
54.233,NA,NA,-1.7,NA,"Tsac",2.28
54.211,NA,NA,-1.52,3.74,"Tsac",2.26
54.197,NA,NA,NA,3.77,"Tsac",NA
54.188,NA,NA,-1.71,3.8,"Tsac",2.32
54.17,NA,NA,-1.64,3.88,"Tsac",2.25
54.157,NA,NA,-1.61,NA,"Tsac",2.34
54.134,NA,NA,-1.77,3.85,"Tsac",2.39
54.125,NA,NA,-1.61,3.75,"Tsac",2.04
54.116,NA,NA,-1.59,3.84,"Tsac",2.11
54.107,NA,NA,-1.57,3.9,"Tsac",2.05
54.107,NA,NA,NA,3.91,"Tsac",NA
54.098,NA,NA,-1.36,3.76,"Tsac",2.2
54.089,NA,NA,-1.41,3.69,"Tsac",2.11
54.089,NA,NA,NA,3.88,"Tsac",NA
54.08,15.77,0.145,-1.65,3.6,"Tsac",1.65
54.08,NA,NA,NA,3.9,"Tsac",NA
54.067,NA,NA,-1.7,4.08,"Tsac",0.83
54.062,NA,NA,-1.62,4.09,"Tsac",0.88
54.06,16.04,0.19,NA,3.55,"Tsac",NA
54.054,15.77,0.15,NA,3.55,"Tsac",NA
54.053,15.59,0.12,NA,3.91,"Tsac",NA
54.052,15.09,0.15,NA,3.6,"Tsac",NA
54.051,15.36,0.17,NA,4.25,"Tsac",NA
54.05,15.61,0.105,NA,4.15,"Tsac",NA
54.048,15.33,0.095,NA,3.97,"Tsac",NA
54.045,NA,NA,-1.61,4.49,"Tsac",0.91
54.044,14.89,0.095,NA,4.32,"Tsac",NA
54.042,NA,NA,NA,4.34,"Tsac",1.41
54.038,14.45,0.145,-1.51,3.69,"Tsac",1.59
54.038,NA,NA,NA,4.37,"Tsac",NA
54.038,NA,NA,NA,4.38,"Tsac",NA
54.035,NA,NA,-1.49,4.5,"Tsac",1.51
54.032,NA,NA,-1.59,NA,"Tsac",1.64
54.029,NA,NA,-1.42,4.12,"Tsac",1.55
54.024,NA,NA,-1.59,4.18,"Tsac",1.5
54.021,NA,NA,-1.38,4.08,"Tsac",2.18
54.018,NA,NA,NA,4.13,"Tsac",NA
54.01,NA,NA,-1.59,4.01,"Tsac",2.23
54.008,15,0.18,NA,3.68,"Tsac",NA
54.007,NA,NA,-1.45,3.85,"Tsac",2.09
54.004,NA,NA,-1.69,3.9,"Tsac",1.83
54,NA,NA,-1.6,3.93,"Tsac",2.17
53.998,NA,NA,-1.58,3.98,"Tsac",2.22
53.998,NA,NA,NA,4.09,"Tsac",NA
53.991,NA,NA,-1.29,4.3,"Tsac",1.89
53.972,NA,NA,-1.8,4.55,"Tsac",1.23
53.969,15.81,0.145,NA,4.07,"Tsac",NA
53.965,NA,NA,-1.55,4.34,"Tsac",1.48
53.963,15.2,0.155,NA,4.35,"Tsac",NA
53.946,NA,NA,-1.61,4.07,"Tsac",2.04
53.936,NA,NA,-1.43,4.06,"Tsac",2.08
53.926,NA,NA,-1.42,3.91,"Tsac",1.98
53.914,NA,NA,-1.29,3.97,"Tsac",1.75
53.903,NA,NA,-1.39,3.89,"Tsac",2.07
53.901,NA,NA,-1.57,3.8,"Tsac",2.04
53.891,NA,NA,-1.65,3.68,"Tsac",2.5
53.871,NA,NA,-1.58,3.59,"Tsac",1.97
53.862,NA,NA,-1.47,NA,"Tsac",2.14
53.837,NA,NA,-1.53,NA,"Tsac",2.45
53.832,NA,NA,-1.65,3.75,"Tsac",2.18
53.819,NA,NA,-1.59,3.81,"Tsac",2.12
53.68,NA,NA,NA,4.15,"Tsac",NA
53.673,NA,NA,-1.58,4.43,"Tsac",1.46
53.667,NA,NA,NA,4.16,"Tsac",NA
53.652,NA,NA,-1.51,4.22,"Tsac",1.92
53.646,NA,NA,-1.54,3.93,"Tsac",2.15
53.613,NA,NA,-1.24,4.24,"Tsac",2.15
53.605,NA,NA,-1.57,4.08,"Tsac",2.07
53.59,NA,NA,-1.5,4.47,"Tsac",2.35
53.572,NA,NA,-1.73,NA,"Tsac",2.01
53.555,NA,NA,-1.51,4.48,"Tsac",1.17
53.551,NA,NA,-1.61,3.97,"Tsac",2.11
53.546,NA,NA,-1.5,3.92,"Tsac",2
53.542,NA,NA,-1.51,NA,"Tsac",1.79
53.538,NA,NA,-1.41,4.33,"Tsac",1.34
53.534,NA,NA,-1.52,4.15,"Tsac",1.75
53.525,NA,NA,-1.36,4.05,"Tsac",2.01
53.513,NA,NA,-1.38,NA,"Tsac",2.35
53.504,NA,NA,-1.55,3.68,"Tsac",1.92
53.494,NA,NA,-1.44,NA,"Tsac",1.75
53.483,NA,NA,-1.38,3.91,"Tsac",1.92
53.473,NA,NA,-1.3,3.88,"Tsac",2.24
53.464,NA,NA,-1.39,3.8,"Tsac",2.27
53.453,NA,NA,-1.6,3.86,"Tsac",2.13
53.443,NA,NA,-1.54,4.16,"Tsac",2.24
53.434,NA,NA,-1.55,4.13,"Tsac",2.46
53.422,NA,NA,-1.35,4.04,"Tsac",2.49
53.413,NA,NA,-1.41,4.12,"Tsac",2.28
53.404,NA,NA,-1.69,3.98,"Tsac",2.63
53.385,NA,NA,-1.72,3.97,"Tsac",2.39
53.343,NA,NA,-1.59,3.93,"Tsac",2.27
53.304,NA,NA,-1.74,3.84,"Tsac",2.35
53.262,NA,NA,-1.87,4.38,"Tsac",2.5
53.229,NA,NA,-1.52,3.99,"Tsac",1.82
53.2,14.12,0.13,NA,NA,"Tsac",NA
53.2,NA,NA,-1.46,3.76,"Tsac",2.24
53.162,NA,NA,-1.47,4.4,"Tsac",2.1
53.123,NA,NA,-1.72,3.93,"Tsac",1.94
53.084,NA,NA,-1.36,4.09,"Tsac",2.07
